DeptID,EntityName,PAN,RegisteredAddress,Contact
IEC-157383,Balaji Traders Pvt Ltd,FSRHV5047L,"Plot 695, Hitec City, Pune, MH",9605033423
IEC-828240,Tech Ventures LLP,SRGXP9675N,"Plot 186, MIDC, Ahmedabad, GJ",9967906652
IEC-370801,Balaji Ventures Limited,VCAZO5904T,"Plot 146, Peenya, Delhi, DL",9588701711
IEC-287316,Pioneer Logistics Limited,AJYAL3406R,"Plot 607, Guindy, Chennai, TN",9242712302
IEC-700364,Dynamic Industries Limited,VQQCW1119R,"Plot 718, Hitec City, Chennai, TN",9980738210
IEC-654655,Stellar Fabrication Limited,XNZNM4403C,"Plot 208, Hitec City, Ahmedabad, GJ",9638815844
IEC-603290,Apex Enterprises Limited,KSLVO0417D,"Gala No. 9, Shady Complex, Hyderabad, TS",800721734
IEC-624957,Apex Industries LLP,CXTWL4523L,"Plot 915, Peenya, Chennai, TN",9973869994
IEC-975992,Balaji Solutions Limited,ZNUSE9759A,"Plot 119, Peenya, Delhi, DL",9456762047
IEC-180616,Sunrise Traders LLP,IJNHH4642I,"Plot 701, MIDC, Mumbai, MH",9681595456
IEC-468535,Balaji Solutions Pvt Ltd,EJLCF1171K,"Plot 261, Hitec City, Pune, MH",9326584576
IEC-729370,Stellar Traders Limited,DLCPH6369K,"Gala No. 24, Shady Complex, Hyderabad, TS",800430565
IEC-904848,Prime Technologies Pvt Ltd,SHSNB4720W,"Plot 166, Guindy, Chennai, TN",9669991657
IEC-890719,Dynamic Corp LLP,MPVFJ1649N,"Plot 857, Peenya, Hyderabad, TS",9795856174
IEC-845570,Metro Fabrication Limited,DUKAY7574S,"Plot 640, Hitec City, Mumbai, MH",9249884273
IEC-509819,Acme Industries LLP,WMQQB1487V,"Plot 660, Hitec City, Delhi, DL",9414577683
IEC-200898,Global Enterprises LLP,KUPYB2465Y,"Plot 985, GIDC, Chennai, TN",9332324787
IEC-77216,Pioneer Logistics LLP,TOXVI9092P,"Plot 691, GIDC, Bengaluru, KA",9999693047
IEC-837067,Shree Industries LLP,RBRFP8342C,"Plot 644, MIDC, Delhi, DL",9532288739
IEC-128814,Metro Traders LLP,RRFIF3311V,"Plot 524, GIDC, Bengaluru, KA",9601897820
IEC-979902,Sunrise Logistics Limited,WLXQI0523R,"Plot 247, MIDC, Ahmedabad, GJ",9379343397
IEC-953533,Metro Fabrication Limited,LYFON1331Q,"Plot 255, Hitec City, Delhi, DL",9678236088
IEC-39327,Apex Corp LLP,EOHTW7037N,"Plot 466, Guindy, Ahmedabad, GJ",9649538629
IEC-65777,Prime Ventures Limited,XWYCH7500X,"Plot 690, Peenya, Pune, MH",9415307846
IEC-581656,Global Solutions LLP,EIPKT3985Y,"Plot 559, Peenya, Hyderabad, TS",9776704290
IEC-500046,Tech Industries Limited,WNEQR0832D,"Plot 597, MIDC, Bengaluru, KA",9399719107
IEC-544689,Dynamic Technologies Pvt Ltd,PXGDO1714G,"Plot 710, Okhla Ind Estate, Pune, MH",9819250372
IEC-789776,Tech Traders LLP,FRAVN9862D,"Plot 509, Hitec City, Mumbai, MH",9221971458
IEC-493704,Balaji Ventures Pvt Ltd,GYGGF3784V,"Plot 61, Hitec City, Pune, MH",9398058231
IEC-917058,Balaji Enterprises LLP,KXWKD8905F,"Plot 618, Phase 1, Electronic City, Ahmedabad, GJ",9847340194
IEC-149903,Om Enterprises Limited,ELXEC6534Y,"Plot 229, Okhla Ind Estate, Hyderabad, TS",9344173743
IEC-706856,Om Technologies LLP,HRDEE0160S,"Plot 163, Phase 1, Electronic City, Hyderabad, TS",9233158708
IEC-35142,Apex Ventures LLP,KCWJS4168Y,"Plot 571, MIDC, Bengaluru, KA",9515803809
IEC-171400,Om Industries LLP,URGLN6537O,"Plot 280, Okhla Ind Estate, Hyderabad, TS",9490611039
IEC-209123,Acme Ventures LLP,NWSPR3219P,"Plot 69, Peenya, Bengaluru, KA",9701474954
IEC-441121,Tech Logistics Pvt Ltd,YQKHG5810L,"Gala No. 1, Shady Complex, Delhi, DL",800805319
IEC-520501,Balaji Industries Pvt Ltd,YVBGF8266Z,"Plot 525, GIDC, Delhi, DL",9640539501
IEC-389681,Stellar Corp Pvt Ltd,KTRJC6264A,"Plot 847, Peenya, Bengaluru, KA",9363158788
IEC-883220,Tech Traders Pvt Ltd,FPQYX1561Z,"Gala No. 99, Shady Complex, Mumbai, MH",800339890
IEC-645080,Balaji Ventures Limited,JWONP2918J,"Plot 756, MIDC, Mumbai, MH",9863860879
IEC-832338,Metro Enterprises Limited,CDNNB1655T,"Plot 420, GIDC, Hyderabad, TS",9488690400
IEC-770195,Metro Fabrication Pvt Ltd,AOXMF5390H,"Plot 112, GIDC, Pune, MH",9975823444
IEC-387819,Pioneer Traders Pvt Ltd,QHKWZ5746C,"Plot 924, GIDC, Ahmedabad, GJ",9877474460
IEC-76594,Prime Fabrication Pvt Ltd,GCTNE7746M,"Plot 940, GIDC, Ahmedabad, GJ",9367799209
IEC-91497,Sunrise Technologies LLP,NQKMB6083W,"Plot 231, Phase 1, Electronic City, Mumbai, MH",9232324943
IEC-906378,Balaji Corp Pvt Ltd,KESGX2701B,"Plot 172, Peenya, Delhi, DL",9935924966
IEC-23480,Acme Technologies Limited,QFEOB5433Q,"Plot 977, Okhla Ind Estate, Delhi, DL",9870969093
IEC-858823,Dynamic Logistics Pvt Ltd,JYBPL3162X,"Plot 878, Guindy, Pune, MH",9562158562
IEC-359761,Sunrise Corp LLP,FXBJJ2004B,"Plot 365, Guindy, Hyderabad, TS",9646810425
IEC-130442,Global Traders Limited,HMSWK2062B,"Plot 977, GIDC, Bengaluru, KA",9879710594
IEC-695683,Shree Ventures Pvt Ltd,JYOMJ5839Z,"Plot 699, Okhla Ind Estate, Mumbai, MH",9678908150
IEC-874654,Sunrise Industries LLP,FIVYP3773D,"Plot 469, GIDC, Bengaluru, KA",9974262101
IEC-747022,Stellar Technologies LLP,OQIOM5163Z,"Plot 923, Phase 1, Electronic City, Ahmedabad, GJ",9235443699
IEC-490625,Apex Fabrication Limited,EUXJL3942M,"Plot 920, Guindy, Mumbai, MH",9472840651
IEC-851714,Acme Ventures Pvt Ltd,VKJFA7914G,"Plot 595, Okhla Ind Estate, Mumbai, MH",9304474424
IEC-492280,Dynamic Traders Limited,OJIHI1367B,"Plot 747, Peenya, Bengaluru, KA",9741770621
IEC-812700,Sunrise Traders Pvt Ltd,XELBV9781S,"Plot 141, MIDC, Bengaluru, KA",9473383378
IEC-859799,Metro Traders Pvt Ltd,RRUOS0834A,"Plot 205, Phase 1, Electronic City, Hyderabad, TS",9601849364
IEC-231480,Tech Corp LLP,JYHSY5296I,"Plot 220, Okhla Ind Estate, Mumbai, MH",9389207387
IEC-314087,Shree Solutions Limited,BNLNE7552K,"Gala No. 100, Shady Complex, Ahmedabad, GJ",800116478
IEC-463181,Acme Industries Pvt Ltd,UUUCF1306M,"Plot 340, MIDC, Delhi, DL",9849591851
IEC-476173,Dynamic Technologies Pvt Ltd,DPCQR4932X,"Plot 718, GIDC, Mumbai, MH",9439577955
IEC-81016,Om Corp Limited,YSENL0580M,"Plot 989, Peenya, Hyderabad, TS",9155126092
IEC-616451,Pioneer Industries LLP,LLOIO5514N,"Plot 479, MIDC, Hyderabad, TS",9964141020
IEC-844310,Stellar Traders Limited,EDYYV2584Z,"Plot 481, Phase 1, Electronic City, Pune, MH",9975002963
IEC-664223,Metro Industries Limited,RJCMD7533C,"Plot 930, Phase 1, Electronic City, Pune, MH",9910031872
IEC-947683,Sunrise Solutions Pvt Ltd,WYFCV6725H,"Plot 483, Guindy, Pune, MH",9422396693
IEC-662036,Global Industries Pvt Ltd,YIJHH1196D,"Plot 633, Okhla Ind Estate, Bengaluru, KA",9915369454
IEC-647000,Acme Industries Limited,MFGJB3953L,"Plot 310, Okhla Ind Estate, Mumbai, MH",9787245344
IEC-756222,Tech Technologies Limited,ULVRT4464C,"Gala No. 58, Shady Complex, Bengaluru, KA",800878568
IEC-468725,Tech Industries LLP,TWXBU9651L,"Plot 364, Okhla Ind Estate, Bengaluru, KA",9853997911
IEC-233773,Stellar Technologies Limited,IHKJI2447F,"Plot 364, Peenya, Chennai, TN",9636868278
IEC-201879,Metro Solutions Pvt Ltd,JIEAZ7418D,"Plot 818, Phase 1, Electronic City, Bengaluru, KA",9541092194
IEC-908721,Shree Industries Limited,LWRPL3935F,"Plot 468, Hitec City, Delhi, DL",9960440948
IEC-475115,Metro Fabrication Limited,YRIFH4385E,"Plot 845, Hitec City, Pune, MH",9659026463
IEC-424422,Prime Industries LLP,LFHSP6791N,"Plot 114, Phase 1, Electronic City, Bengaluru, KA",9778725210
IEC-337992,Apex Fabrication Pvt Ltd,UWVON1307C,"Plot 552, Guindy, Mumbai, MH",9176267899
IEC-611298,Sunrise Logistics Pvt Ltd,TBMKR0690G,"Plot 294, Hitec City, Hyderabad, TS",9815717954
IEC-754209,Stellar Ventures Pvt Ltd,IMBUF5021A,"Plot 878, MIDC, Hyderabad, TS",9626515217
IEC-146682,Apex Industries LLP,MKNNC7095K,"Plot 585, Phase 1, Electronic City, Mumbai, MH",9987930153
IEC-752417,Pioneer Corp LLP,YFPYY1583A,"Plot 712, Guindy, Delhi, DL",9970929739
IEC-33012,Dynamic Technologies LLP,ZSYGB2948O,"Plot 977, MIDC, Mumbai, MH",9257496465
IEC-22571,Global Traders Limited,ZYLRD4318C,"Plot 942, Phase 1, Electronic City, Pune, MH",9979637815
IEC-413119,Balaji Logistics Limited,ZRAOI8624V,"Plot 878, Guindy, Mumbai, MH",9779070861
IEC-463975,Tech Technologies Limited,HJGZP2342Q,"Plot 524, Peenya, Mumbai, MH",9178549675
IEC-306077,Dynamic Corp LLP,IYYXY2382S,"Plot 774, Okhla Ind Estate, Mumbai, MH",9519298469
IEC-900305,Acme Fabrication Pvt Ltd,KKBYP3087S,"Plot 948, Peenya, Delhi, DL",9872308186
IEC-852737,Stellar Fabrication Pvt Ltd,POTEO0493Y,"Plot 649, Guindy, Ahmedabad, GJ",9884887702
IEC-764283,Sunrise Enterprises Limited,PCFQE9479J,"Plot 826, Phase 1, Electronic City, Delhi, DL",9304953944
IEC-416626,Metro Solutions LLP,QUIEM5105T,"Plot 788, GIDC, Bengaluru, KA",9159004223
IEC-286819,Balaji Technologies Pvt Ltd,XAFDS6006R,"Plot 366, Peenya, Ahmedabad, GJ",9885648532
IEC-347485,Apex Traders Limited,HOSYI9323B,"Plot 228, GIDC, Pune, MH",9913777848
IEC-154979,Tech Enterprises Limited,CHRWH0285J,"Plot 879, Guindy, Bengaluru, KA",9725547198
IEC-98337,Om Technologies Pvt Ltd,RYNPG7091N,"Plot 261, Hitec City, Delhi, DL",9292663418
IEC-993098,Pioneer Enterprises Pvt Ltd,DMDLH4065E,"Plot 621, Hitec City, Hyderabad, TS",9377407404
IEC-262516,Prime Technologies Pvt Ltd,FUDYI8781P,"Plot 221, Peenya, Mumbai, MH",9748194754
IEC-420735,Global Enterprises Pvt Ltd,BWEXA2710D,"Plot 701, GIDC, Hyderabad, TS",9883363505
IEC-617568,Sunrise Logistics LLP,NFLBU6239M,"Plot 980, GIDC, Mumbai, MH",9930612445
IEC-753139,Global Technologies Limited,XYRBL3309L,"Plot 366, Phase 1, Electronic City, Hyderabad, TS",9390221336
IEC-183007,Prime Ventures LLP,UDKKF2971V,"Plot 415, Hitec City, Chennai, TN",9478696937
IEC-905908,Dynamic Industries LLP,DAYES9552K,"Plot 109, Okhla Ind Estate, Hyderabad, TS",9779163539
IEC-123730,Metro Enterprises LLP,OFMVE1003J,"Plot 708, Peenya, Hyderabad, TS",9204018060
IEC-230184,Om Ventures Limited,SPWPX4045B,"Plot 994, Guindy, Delhi, DL",9519972127
IEC-106192,Dynamic Fabrication LLP,AWDIK6965W,"Plot 408, Phase 1, Electronic City, Delhi, DL",9167306728
IEC-677971,Metro Technologies LLP,DDPSI1995X,"Plot 901, MIDC, Delhi, DL",9681002972
IEC-50633,Acme Ventures Limited,BACPW2408A,"Plot 1, MIDC, Pune, MH",9757891743
IEC-642847,Om Technologies LLP,CRAPR1872O,"Plot 844, Hitec City, Bengaluru, KA",9390501854
IEC-299734,Sunrise Solutions Pvt Ltd,QMOXT8757F,"Plot 855, Phase 1, Electronic City, Ahmedabad, GJ",9740910461
IEC-914238,Acme Corp Pvt Ltd,NQZIC1146U,"Plot 705, Okhla Ind Estate, Pune, MH",9915071667
IEC-589276,Stellar Industries Pvt Ltd,QNSIU1245D,"Plot 822, Phase 1, Electronic City, Delhi, DL",9526698674
IEC-846794,Pioneer Traders Limited,JFOTN9181I,"Plot 557, Guindy, Pune, MH",9987004237
IEC-787932,Acme Fabrication Limited,TQYMY6787Z,"Plot 252, Guindy, Ahmedabad, GJ",9646794898
IEC-855378,Apex Enterprises Pvt Ltd,GUWQW9494Y,"Plot 874, Guindy, Hyderabad, TS",9261221741
IEC-377357,Sunrise Ventures Limited,UGMJO7516E,"Plot 121, Okhla Ind Estate, Mumbai, MH",9162856685
IEC-810475,Sunrise Solutions Limited,OUTEE5505W,"Plot 991, Guindy, Ahmedabad, GJ",9611401840
IEC-886585,Acme Corp Limited,QJDKJ7258A,"Plot 258, Hitec City, Chennai, TN",9188691951
IEC-601548,Stellar Technologies LLP,QOHIT5443J,"Plot 599, Peenya, Chennai, TN",9399211683
IEC-580692,Stellar Enterprises LLP,BBNEL4628O,"Plot 413, MIDC, Mumbai, MH",9815060993
IEC-885647,Dynamic Technologies Limited,DYHIG9452R,"Plot 66, Peenya, Delhi, DL",9906030328
IEC-76783,Balaji Technologies Limited,VVNBS9095Z,"Plot 657, Okhla Ind Estate, Bengaluru, KA",9983664748
IEC-329444,Global Technologies Limited,XZVDX0525A,"Plot 444, Guindy, Pune, MH",9534683480
IEC-891333,Sunrise Corp Limited,BPNGN6870J,"Plot 292, Hitec City, Delhi, DL",9786830557
IEC-473691,Dynamic Corp Limited,UAYOQ6792Z,"Plot 637, Hitec City, Bengaluru, KA",9277854304
IEC-565819,Pioneer Enterprises Pvt Ltd,CUKAC8592X,"Plot 92, Phase 1, Electronic City, Ahmedabad, GJ",9655820970
IEC-350449,Prime Logistics Pvt Ltd,MHCTG4048P,"Plot 79, Peenya, Pune, MH",9536892918
IEC-604165,Tech Technologies Pvt Ltd,FOPCD6735S,"Plot 115, Phase 1, Electronic City, Ahmedabad, GJ",9738900041
IEC-680517,Pioneer Solutions Pvt Ltd,ZHDFU9211D,"Plot 706, MIDC, Pune, MH",9469972841
IEC-961644,Sunrise Ventures LLP,IYPPB9039Y,"Plot 158, Phase 1, Electronic City, Pune, MH",9141101946
IEC-846542,Global Ventures Limited,WOOOL8904O,"Plot 540, Okhla Ind Estate, Bengaluru, KA",9318473911
IEC-422255,Om Solutions Pvt Ltd,BAMIW4825L,"Plot 416, Guindy, Delhi, DL",9543204540
IEC-879234,Prime Traders Limited,PICEE6662D,"Plot 653, Peenya, Hyderabad, TS",9226865863
IEC-805360,Prime Logistics Pvt Ltd,PICKI1226Y,"Plot 172, Guindy, Mumbai, MH",9452287473
IEC-565367,Shree Corp Pvt Ltd,FASDC9362L,"Plot 893, Okhla Ind Estate, Chennai, TN",9320783152
IEC-588102,Metro Ventures LLP,NPTMW5248D,"Plot 37, Peenya, Hyderabad, TS",9799476527
IEC-284116,Acme Industries Limited,TZEYX2925C,"Plot 259, Phase 1, Electronic City, Mumbai, MH",9105206372
IEC-821088,Dynamic Corp Pvt Ltd,WLHMC0593I,"Plot 935, MIDC, Hyderabad, TS",9254021229
IEC-50498,Shree Traders Limited,AYQZN6599A,"Plot 295, MIDC, Mumbai, MH",9313843517
IEC-19821,Apex Fabrication Pvt Ltd,DTGNC0038F,"Plot 201, Hitec City, Pune, MH",9761487870
IEC-137838,Sunrise Traders Limited,SSGWC1632Y,"Plot 364, Peenya, Ahmedabad, GJ",9681465959
IEC-938811,Balaji Enterprises Pvt Ltd,OLYKS2864G,"Plot 694, Hitec City, Delhi, DL",9828357303
IEC-858853,Metro Traders Limited,HADAV1169W,"Plot 298, Okhla Ind Estate, Ahmedabad, GJ",9775894717
IEC-238600,Global Enterprises Pvt Ltd,XSVMM0154O,"Plot 125, Guindy, Bengaluru, KA",9644250182
IEC-779904,Om Traders Limited,VGEJP0640E,"Plot 875, GIDC, Ahmedabad, GJ",9369313229
IEC-898970,Shree Technologies Pvt Ltd,BEQQH3286Y,"Plot 881, MIDC, Bengaluru, KA",9846612710
IEC-462386,Tech Enterprises Limited,KOODO7511H,"Plot 146, GIDC, Mumbai, MH",9294382515
IEC-258938,Shree Enterprises Pvt Ltd,DERDL5562M,"Plot 775, GIDC, Bengaluru, KA",9675038102
IEC-475309,Tech Corp Limited,KGXLN0062C,"Plot 311, Peenya, Mumbai, MH",9312453811
IEC-273344,Stellar Corp LLP,TFKFZ2792H,"Plot 128, Hitec City, Bengaluru, KA",9481141595
IEC-154339,Apex Technologies Limited,IXUNQ2291N,"Plot 238, MIDC, Bengaluru, KA",9614005696
IEC-292582,Apex Corp Pvt Ltd,TEJQM3971W,"Plot 945, Peenya, Ahmedabad, GJ",9620064067
IEC-914186,Acme Solutions LLP,OMMQA2263L,"Plot 39, Peenya, Ahmedabad, GJ",9691262373
IEC-952205,Acme Technologies Limited,ZFFJA6970V,"Plot 536, GIDC, Pune, MH",9431611162
IEC-300038,Stellar Ventures Pvt Ltd,QYXRG6329Y,"Plot 149, MIDC, Hyderabad, TS",9771386035
IEC-521062,Balaji Solutions Pvt Ltd,MQGKO4243U,"Plot 847, Guindy, Delhi, DL",9989496701
IEC-354745,Stellar Ventures Pvt Ltd,QQTIK3919V,"Plot 772, Okhla Ind Estate, Bengaluru, KA",9577880271
IEC-490348,Pioneer Enterprises Pvt Ltd,IWRSY2657J,"Plot 197, Hitec City, Pune, MH",9399426681
IEC-231857,Metro Technologies Limited,QWAOI7200K,"Plot 909, Okhla Ind Estate, Pune, MH",9576666025
IEC-623120,Apex Enterprises Pvt Ltd,DZWAU4701L,"Plot 248, Okhla Ind Estate, Ahmedabad, GJ",9535871822
IEC-338297,Dynamic Industries Pvt Ltd,SYVSR1723S,"Plot 114, Phase 1, Electronic City, Ahmedabad, GJ",9481725690
IEC-614560,Global Enterprises LLP,FOYRL0811R,"Plot 279, MIDC, Bengaluru, KA",9569752465
IEC-964553,Pioneer Enterprises LLP,DIKXG9932V,"Plot 33, Peenya, Hyderabad, TS",9183904917
IEC-123593,Shree Technologies Pvt Ltd,TMFWE3017W,"Plot 324, Okhla Ind Estate, Ahmedabad, GJ",9379235444
IEC-14341,Pioneer Corp LLP,QGMRD5484A,"Plot 660, Phase 1, Electronic City, Bengaluru, KA",9119070085
IEC-318424,Global Solutions Pvt Ltd,GWEYL4561F,"Plot 546, MIDC, Ahmedabad, GJ",9931484321
IEC-259328,Apex Logistics LLP,HPUNG0810R,"Plot 724, Okhla Ind Estate, Chennai, TN",9345255432
IEC-135374,Dynamic Ventures LLP,JFNJU9844W,"Plot 897, Peenya, Mumbai, MH",9299510012
IEC-772730,Apex Fabrication Pvt Ltd,YVFFC7864C,"Gala No. 9, Shady Complex, Hyderabad, TS",800721734
IEC-345755,Apex Industries Pvt Ltd,MTLVT9541X,"Plot 795, Phase 1, Electronic City, Chennai, TN",9577399488
IEC-709525,Tech Solutions LLP,CJZVG0918P,"Plot 536, Hitec City, Bengaluru, KA",9873567082
IEC-727527,Balaji Solutions Pvt Ltd,WUXSG1509Z,"Plot 728, Guindy, Mumbai, MH",9542581195
IEC-692269,Prime Fabrication Pvt Ltd,RKBYB0008Y,"Plot 241, Peenya, Mumbai, MH",9412865029
IEC-809936,Balaji Technologies Pvt Ltd,KURFF7644U,"Plot 399, Hitec City, Ahmedabad, GJ",9479845014
IEC-94429,Pioneer Traders LLP,VLXHG8439Y,"Plot 160, Peenya, Hyderabad, TS",9668462659
IEC-993630,Stellar Logistics LLP,JQDSE4465Y,"Plot 508, Phase 1, Electronic City, Hyderabad, TS",9591636424
IEC-156639,Metro Technologies Limited,WLZSJ3346E,"Plot 716, GIDC, Delhi, DL",9757319555
IEC-924557,Balaji Traders LLP,NVPSZ3209B,"Plot 529, Okhla Ind Estate, Mumbai, MH",9795154469
IEC-989709,Dynamic Traders Limited,JKBUY4148T,"Plot 107, GIDC, Hyderabad, TS",9168661017
IEC-741464,Global Ventures LLP,IKHQN2452G,"Plot 268, Phase 1, Electronic City, Mumbai, MH",9186101831
IEC-550975,Tech Ventures LLP,IIOBM5290C,"Plot 747, Hitec City, Ahmedabad, GJ",9321355261
IEC-970507,Om Enterprises Pvt Ltd,FQJXJ8324L,"Plot 359, Hitec City, Delhi, DL",9109577081
IEC-922651,Prime Industries LLP,YJBZQ6158C,"Plot 201, MIDC, Mumbai, MH",9520448064
IEC-818005,Acme Technologies LLP,QNDWL1768A,"Plot 443, GIDC, Hyderabad, TS",9985475311
IEC-580274,Global Technologies Limited,BHOHD0585B,"Plot 715, Guindy, Delhi, DL",9765297479
IEC-790520,Pioneer Solutions LLP,ZGEBD9123E,"Plot 880, Peenya, Bengaluru, KA",9226995091
IEC-871487,Tech Corp LLP,DGSIE9197F,"Plot 229, Okhla Ind Estate, Pune, MH",9160448093
IEC-709440,Acme Traders Pvt Ltd,UOSCU4852C,"Plot 215, Peenya, Delhi, DL",9548712491
IEC-568094,Balaji Corp LLP,AVXRI9521B,"Plot 240, Phase 1, Electronic City, Chennai, TN",9411456574
IEC-357668,Prime Industries LLP,IUGAR8848R,"Plot 13, MIDC, Hyderabad, TS",9700755860
IEC-360192,Global Enterprises Pvt Ltd,HBFAN1848U,"Plot 252, Guindy, Delhi, DL",9926683758
IEC-519494,Acme Enterprises Pvt Ltd,MEVUC1770I,"Plot 302, MIDC, Hyderabad, TS",9414878040
IEC-466107,Global Solutions Limited,HJRRZ4867B,"Plot 352, Guindy, Hyderabad, TS",9325027165
IEC-320436,Om Traders LLP,HCJGY4736L,"Plot 858, Guindy, Chennai, TN",9766375473
IEC-917458,Pioneer Solutions LLP,BNTWV4955P,"Plot 689, Okhla Ind Estate, Bengaluru, KA",9794893157
IEC-401146,Apex Traders Limited,BXPOX4876P,"Plot 958, Okhla Ind Estate, Pune, MH",9297963169
IEC-521342,Balaji Enterprises Pvt Ltd,UXRVA7539T,"Plot 453, Guindy, Mumbai, MH",9562674294
IEC-667070,Om Solutions Limited,UFUDV1595W,"Plot 29, MIDC, Ahmedabad, GJ",9957555211
IEC-391050,Sunrise Enterprises Limited,WXQJW8465E,"Plot 974, MIDC, Pune, MH",9848846205
IEC-44187,Pioneer Fabrication LLP,CPUCW9992I,"Plot 402, Hitec City, Ahmedabad, GJ",9333203862
IEC-117863,Sunrise Ventures LLP,UJYJH6509P,"Plot 153, Hitec City, Pune, MH",9576371049
IEC-162225,Shree Logistics Limited,TGBDZ1185N,"Plot 647, Guindy, Bengaluru, KA",9531952923
IEC-550951,Pioneer Traders Pvt Ltd,HHZYO8267J,"Plot 958, GIDC, Bengaluru, KA",9102870011
IEC-430029,Stellar Fabrication LLP,TEAGL7144Q,"Plot 813, Peenya, Ahmedabad, GJ",9406528629
IEC-461365,Apex Traders LLP,PBHHS6988T,"Plot 160, Guindy, Chennai, TN",9542181802
IEC-413344,Prime Industries LLP,DDHTP5623M,"Plot 620, Peenya, Ahmedabad, GJ",9696713609
IEC-560475,Balaji Industries Limited,SFOPJ4635G,"Plot 354, Hitec City, Pune, MH",9635616644
IEC-764652,Global Fabrication Pvt Ltd,QRWTW1095L,"Plot 910, Okhla Ind Estate, Bengaluru, KA",9753068513
IEC-51016,Pioneer Corp Pvt Ltd,XHSZB0608I,"Plot 643, Okhla Ind Estate, Ahmedabad, GJ",9206485102
IEC-810045,Apex Solutions LLP,WFFOC8587Q,"Plot 866, Peenya, Bengaluru, KA",9362375964
IEC-887997,Apex Corp Limited,QJMNN7051S,"Plot 424, Peenya, Bengaluru, KA",9198621905
IEC-457569,Stellar Industries Pvt Ltd,ZYQAA0195C,"Plot 414, Okhla Ind Estate, Ahmedabad, GJ",9554928522
IEC-789088,Dynamic Industries LLP,AZWYR5769O,"Plot 886, Phase 1, Electronic City, Pune, MH",9612303869
IEC-40018,Om Logistics Pvt Ltd,HRGJZ8892L,"Plot 716, Phase 1, Electronic City, Chennai, TN",9499960019
IEC-256882,Stellar Fabrication LLP,HZNLA3821A,"Plot 186, Peenya, Delhi, DL",9703441263
IEC-29605,Om Industries Limited,ZGRMB4363P,"Plot 740, Guindy, Hyderabad, TS",9911459185
IEC-622182,Dynamic Corp LLP,BPUHZ8706I,"Gala No. 35, Shady Complex, Delhi, DL",800750497
IEC-444615,Tech Solutions Pvt Ltd,YUHHY8681J,"Plot 464, MIDC, Pune, MH",9626311532
IEC-55643,Apex Technologies Limited,AWIDB7770E,"Plot 249, Hitec City, Chennai, TN",9288346060
IEC-891034,Acme Fabrication LLP,EGFZB3152M,"Plot 562, Peenya, Ahmedabad, GJ",9123866450
IEC-989422,Global Corp Limited,QALLU3054Y,"Plot 389, MIDC, Bengaluru, KA",9746411403
IEC-414654,Tech Enterprises Limited,LFCBF8572R,"Plot 627, Peenya, Ahmedabad, GJ",9460411278
IEC-742434,Stellar Logistics Pvt Ltd,XKUXH7056I,"Gala No. 99, Shady Complex, Mumbai, MH",800339890
IEC-525917,Om Solutions LLP,YCOUM7347L,"Plot 738, GIDC, Bengaluru, KA",9174589259
IEC-26267,Stellar Fabrication Limited,GLZQS6269H,"Plot 96, Peenya, Chennai, TN",9828804572
IEC-446149,Dynamic Ventures Pvt Ltd,GWIQD5555M,"Plot 940, Peenya, Mumbai, MH",9825827564
IEC-274240,Shree Technologies Pvt Ltd,IXUIN5424O,"Plot 702, Okhla Ind Estate, Delhi, DL",9954358763
IEC-390225,Stellar Technologies Pvt Ltd,QRZXC8536N,"Plot 956, Peenya, Ahmedabad, GJ",9698899159
IEC-579836,Pioneer Logistics Pvt Ltd,NDMDP5942K,"Plot 542, Okhla Ind Estate, Pune, MH",9735612218
IEC-725995,Balaji Corp Pvt Ltd,JFIVH8677B,"Plot 619, Okhla Ind Estate, Mumbai, MH",9151250408
IEC-827255,Pioneer Industries Limited,XZBEB9610J,"Plot 251, Okhla Ind Estate, Pune, MH",9690071142
IEC-873151,Sunrise Technologies Limited,VZGWY5075G,"Plot 144, Peenya, Chennai, TN",9136319722
IEC-561306,Dynamic Technologies LLP,CSIRU3698Z,"Plot 818, MIDC, Delhi, DL",9838986007
IEC-873977,Sunrise Industries Pvt Ltd,FXDRC4402E,"Gala No. 8, Shady Complex, Bengaluru, KA",800327006
IEC-570041,Pioneer Solutions Limited,WXHEV1367Q,"Plot 864, GIDC, Bengaluru, KA",9390365396
IEC-388109,Om Solutions Limited,ZYQRC2283Y,"Plot 937, GIDC, Pune, MH",9618476683
IEC-958797,Global Technologies Pvt Ltd,KPGBT4738T,"Plot 132, MIDC, Delhi, DL",9543716921
IEC-704954,Pioneer Fabrication Pvt Ltd,AQQRD6407Y,"Plot 67, Phase 1, Electronic City, Ahmedabad, GJ",9587032347
IEC-837836,Acme Traders Limited,CZTBG6040S,"Plot 481, Peenya, Pune, MH",9738831259
IEC-112592,Balaji Technologies LLP,WPGRN5103I,"Plot 865, Peenya, Chennai, TN",9777348295
IEC-939025,Metro Technologies Pvt Ltd,PZYEW2480K,"Plot 505, MIDC, Bengaluru, KA",9745821659
IEC-533181,Global Logistics Limited,VNJDL3881T,"Plot 870, Okhla Ind Estate, Pune, MH",9986787514
IEC-243836,Balaji Traders Limited,HPPJM1566L,"Plot 78, MIDC, Pune, MH",9616696055
IEC-578489,Stellar Fabrication LLP,LHTOV0586S,"Plot 28, Guindy, Delhi, DL",9513156303
IEC-547350,Sunrise Traders LLP,PNKJH5051G,"Plot 198, Hitec City, Pune, MH",9195055007
IEC-309599,Prime Solutions LLP,QNJWC5308D,"Plot 504, Phase 1, Electronic City, Delhi, DL",9704875018
IEC-560348,Prime Traders Limited,GNESX8663J,"Plot 510, MIDC, Delhi, DL",9680473946
IEC-967095,Metro Industries LLP,IFAVE6149C,"Gala No. 35, Shady Complex, Delhi, DL",800750497
IEC-91732,Om Industries LLP,TTYUL1394Y,"Plot 634, Peenya, Chennai, TN",9120436657
IEC-502205,Shree Technologies Pvt Ltd,ERQZX7533N,"Plot 40, Hitec City, Pune, MH",9948924545
IEC-459842,Dynamic Technologies Limited,OQQCS1996O,"Plot 875, Phase 1, Electronic City, Pune, MH",9738838349
IEC-531420,Balaji Corp Limited,NAWVO9737Y,"Plot 152, GIDC, Mumbai, MH",9541508777
IEC-49533,Prime Technologies LLP,EBMGQ7233O,"Plot 65, Hitec City, Delhi, DL",9704564557
IEC-989785,Tech Corp LLP,ESAVM3529D,"Plot 569, GIDC, Hyderabad, TS",9490836788
IEC-907461,Shree Solutions Pvt Ltd,QQCUD0116K,"Plot 777, GIDC, Chennai, TN",9945226792
IEC-472897,Shree Enterprises LLP,FPWTC6900U,"Plot 384, Phase 1, Electronic City, Ahmedabad, GJ",9696999383
IEC-399370,Prime Ventures LLP,PJXSD9959B,"Plot 526, Phase 1, Electronic City, Chennai, TN",9988846858
IEC-907823,Tech Logistics Limited,KWKPZ1107D,"Plot 821, Phase 1, Electronic City, Delhi, DL",9254384244
IEC-15133,Dynamic Corp Limited,SBSYA2493K,"Plot 73, GIDC, Hyderabad, TS",9750024618
IEC-431406,Pioneer Logistics Limited,DWQRV8577X,"Plot 763, MIDC, Mumbai, MH",9277563326
IEC-179880,Tech Solutions LLP,EWWSR6699R,"Plot 28, Guindy, Bengaluru, KA",9869769957
IEC-389135,Tech Corp LLP,LPYUN4685T,"Plot 910, GIDC, Chennai, TN",9699512772
IEC-170966,Prime Fabrication LLP,URVYT2004Y,"Plot 529, Hitec City, Ahmedabad, GJ",9234208382
IEC-678944,Metro Traders Pvt Ltd,KIBJK8138X,"Plot 942, GIDC, Mumbai, MH",9279986004
IEC-679367,Tech Ventures Pvt Ltd,DTRQR1288Z,"Plot 853, Phase 1, Electronic City, Pune, MH",9362718924
IEC-424197,Global Technologies LLP,SVSVF3736S,"Plot 409, Peenya, Bengaluru, KA",9898933611
IEC-730310,Acme Corp Pvt Ltd,QBEMD4593S,"Plot 330, Hitec City, Delhi, DL",9151087566
IEC-589013,Apex Traders LLP,HBJNG8683Z,"Plot 800, Guindy, Delhi, DL",9728781696
IEC-649536,Acme Enterprises LLP,EUMZF6131T,"Plot 715, Guindy, Mumbai, MH",9964330896
IEC-823091,Metro Ventures Limited,BXTBU6512P,"Plot 908, Okhla Ind Estate, Chennai, TN",9747595000
IEC-692199,Balaji Traders Limited,UXUXL8519W,"Plot 651, Peenya, Pune, MH",9508512091
IEC-550614,Acme Corp LLP,JNWHR6058P,"Plot 647, Guindy, Mumbai, MH",9346068630
IEC-337706,Prime Corp Pvt Ltd,DSKSB7480C,"Plot 90, Phase 1, Electronic City, Delhi, DL",9689521589
IEC-291228,Sunrise Logistics LLP,OTGYY1641N,"Plot 635, Okhla Ind Estate, Delhi, DL",9525553779
IEC-524202,Global Solutions Limited,ONXON7198H,"Plot 746, GIDC, Ahmedabad, GJ",9444240507
IEC-147817,Tech Logistics Limited,BSGPP6851C,"Plot 656, MIDC, Delhi, DL",9253713390
IEC-461178,Apex Traders LLP,ZMMPS4298R,"Plot 131, Guindy, Chennai, TN",9418703693
IEC-724242,Pioneer Technologies LLP,TEDOC6086O,"Plot 95, GIDC, Pune, MH",9578753631
IEC-509496,Balaji Corp Limited,UNJOS4576V,"Plot 621, Okhla Ind Estate, Bengaluru, KA",9990085027
IEC-302525,Shree Corp LLP,HIHFC4415E,"Plot 317, Okhla Ind Estate, Ahmedabad, GJ",9256918296
IEC-569448,Om Technologies Limited,BKFNI4640K,"Plot 635, MIDC, Bengaluru, KA",9668758748
IEC-578168,Pioneer Fabrication Pvt Ltd,NHRZD0981N,"Plot 97, Okhla Ind Estate, Pune, MH",9548221663
IEC-99943,Balaji Solutions Pvt Ltd,OFAAZ0318V,"Plot 826, GIDC, Pune, MH",9154100394
IEC-123915,Acme Technologies LLP,RECZQ6347K,"Plot 880, Guindy, Delhi, DL",9376845487
IEC-137801,Tech Corp LLP,QRJRZ1756L,"Plot 503, Peenya, Ahmedabad, GJ",9663497387
IEC-73290,Dynamic Traders Limited,TOZPS7980J,"Plot 973, Phase 1, Electronic City, Delhi, DL",9304551602
IEC-817417,Dynamic Fabrication LLP,MNDUD9169A,"Plot 873, Phase 1, Electronic City, Hyderabad, TS",9844604143
IEC-726006,Pioneer Corp Limited,WHFOL6330W,"Plot 771, Phase 1, Electronic City, Bengaluru, KA",9909707492
IEC-890197,Tech Traders Pvt Ltd,TMTUC5220Y,"Plot 65, GIDC, Chennai, TN",9642011434
IEC-529537,Acme Solutions LLP,UUBOI4021N,"Plot 137, Hitec City, Hyderabad, TS",9120916497
IEC-853009,Dynamic Corp LLP,MXNZU5421D,"Plot 450, Okhla Ind Estate, Mumbai, MH",9174594651
IEC-45208,Global Traders LLP,NCABL5778W,"Plot 185, Okhla Ind Estate, Bengaluru, KA",9679090277
IEC-642801,Metro Industries LLP,GGPCO3035Y,"Plot 810, MIDC, Pune, MH",9314280595
IEC-448823,Global Traders Pvt Ltd,TSRQR6332Z,"Plot 870, Okhla Ind Estate, Ahmedabad, GJ",9909266863
IEC-602817,Acme Technologies LLP,ZATUO4954B,"Plot 588, Peenya, Bengaluru, KA",9491448257
IEC-311625,Dynamic Industries LLP,RIERY3421R,"Gala No. 16, Shady Complex, Hyderabad, TS",800235888
IEC-122814,Shree Enterprises LLP,ORJJA0540X,"Plot 594, GIDC, Delhi, DL",9333100393
IEC-75767,Balaji Corp Limited,EZNIS4730Y,"Plot 585, GIDC, Pune, MH",9428569963
IEC-791468,Prime Traders Limited,WSRKO0439X,"Plot 156, MIDC, Bengaluru, KA",9653792417
IEC-918440,Tech Corp Limited,AMDYR8409C,"Plot 454, GIDC, Pune, MH",9169533096
IEC-843893,Tech Enterprises LLP,IFZNW5680U,"Plot 351, Guindy, Ahmedabad, GJ",9508356539
IEC-443363,Apex Traders LLP,OXPGI9324A,"Plot 945, MIDC, Pune, MH",9747288554
IEC-507855,Global Technologies LLP,REJMI8462W,"Plot 250, Phase 1, Electronic City, Mumbai, MH",9569987123
IEC-444831,Dynamic Corp Pvt Ltd,UAXUJ5491O,"Plot 467, GIDC, Pune, MH",9168989433
IEC-11968,Stellar Corp Limited,ZARJE8686W,"Plot 311, Peenya, Delhi, DL",9712997782
IEC-438105,Sunrise Solutions Pvt Ltd,PMYVD8656G,"Plot 211, Hitec City, Delhi, DL",9212492576
IEC-614348,Apex Technologies Pvt Ltd,WDLZM6137E,"Plot 81, Peenya, Chennai, TN",9715000770
IEC-10492,Apex Technologies Pvt Ltd,FXDBO0497E,"Plot 135, MIDC, Chennai, TN",9994506594
IEC-150089,Stellar Fabrication LLP,FMAMM1600F,"Plot 456, Peenya, Chennai, TN",9393898357
IEC-708973,Acme Technologies LLP,FEPCA7586E,"Plot 5, Okhla Ind Estate, Ahmedabad, GJ",9739040277
IEC-127696,Balaji Enterprises LLP,NYRDZ5950J,"Plot 337, GIDC, Mumbai, MH",9311475574
IEC-47403,Acme Industries Limited,ZZIFX4744K,"Plot 805, Guindy, Ahmedabad, GJ",9568265176
IEC-324802,Acme Enterprises Limited,XZRWF4745F,"Plot 159, Guindy, Pune, MH",9965806768
IEC-442548,Acme Industries Limited,NTCSE8701Y,"Plot 951, GIDC, Pune, MH",9698061377
IEC-223470,Balaji Logistics LLP,TDZQX7098N,"Plot 727, Okhla Ind Estate, Bengaluru, KA",9410451057
IEC-959791,Apex Industries LLP,ZFDWF4463J,"Plot 840, Peenya, Mumbai, MH",9349468693
IEC-32683,Stellar Traders LLP,GGRPI3706A,"Plot 955, Okhla Ind Estate, Ahmedabad, GJ",9986165333
IEC-676979,Prime Solutions Pvt Ltd,VPSTW1392H,"Plot 904, Okhla Ind Estate, Delhi, DL",9794305214
IEC-779792,Pioneer Solutions Pvt Ltd,EFGPN3852L,"Plot 330, Okhla Ind Estate, Mumbai, MH",9643582370
IEC-635562,Metro Traders Pvt Ltd,ZKEOU0194P,"Plot 599, GIDC, Delhi, DL",9978975349
IEC-877270,Dynamic Fabrication LLP,FTCFA5247T,"Plot 318, Okhla Ind Estate, Chennai, TN",9822964607
IEC-90909,Global Traders Pvt Ltd,SEOAE9998D,"Plot 473, Peenya, Hyderabad, TS",9554414427
IEC-188282,Dynamic Technologies Limited,SIGMM8361X,"Plot 95, Guindy, Pune, MH",9313394431
IEC-544798,Dynamic Technologies LLP,PIWQX2100E,"Plot 257, GIDC, Delhi, DL",9983027945
IEC-237443,Dynamic Fabrication Limited,WDXFV0015C,"Plot 522, MIDC, Hyderabad, TS",9217304833
IEC-902639,Metro Enterprises LLP,HPXEU3116E,"Plot 301, MIDC, Hyderabad, TS",9110851844
IEC-280525,Stellar Fabrication Limited,AQGDE1532P,"Plot 68, GIDC, Ahmedabad, GJ",9871129684
IEC-851710,Pioneer Technologies Limited,WERBY0717L,"Plot 111, Okhla Ind Estate, Pune, MH",9670435339
IEC-692781,Global Ventures Pvt Ltd,KTCFZ9633M,"Plot 839, Hitec City, Chennai, TN",9889862781
IEC-46994,Dynamic Ventures LLP,TDMLB6125T,"Plot 915, Okhla Ind Estate, Mumbai, MH",9538971104
IEC-941574,Pioneer Corp Pvt Ltd,XDYDV5456W,"Plot 129, Guindy, Pune, MH",9552418448
IEC-563795,Om Traders Limited,EAEWS2258C,"Plot 902, Guindy, Delhi, DL",9761982688
IEC-603531,Dynamic Logistics LLP,MCZDV4287M,"Plot 819, Guindy, Bengaluru, KA",9571006852
IEC-543128,Stellar Enterprises Limited,LCZXM3091X,"Plot 166, Hitec City, Ahmedabad, GJ",9455420554
IEC-185640,Sunrise Traders Pvt Ltd,WXTID5197Z,"Plot 251, GIDC, Mumbai, MH",9168579953
IEC-903124,Apex Traders Limited,TZQMH9091F,"Plot 742, Phase 1, Electronic City, Mumbai, MH",9413440345
IEC-630990,Sunrise Ventures Pvt Ltd,CCGRK7067R,"Plot 386, Hitec City, Hyderabad, TS",9108322838
IEC-834594,Om Technologies Limited,TVFZX3700C,"Plot 386, Hitec City, Ahmedabad, GJ",9317669717
IEC-180414,Pioneer Solutions LLP,UDCTD1668F,"Plot 839, Phase 1, Electronic City, Chennai, TN",9763949943
IEC-205932,Sunrise Enterprises LLP,CDZLE0611R,"Plot 636, Peenya, Ahmedabad, GJ",9805403676
IEC-935779,Sunrise Corp LLP,OKNYM6306V,"Plot 510, Guindy, Chennai, TN",9442344657
IEC-328895,Om Industries Pvt Ltd,VVDFM9144G,"Plot 743, Hitec City, Hyderabad, TS",9809225457
IEC-945507,Metro Traders LLP,LYXJL8225M,"Plot 382, MIDC, Pune, MH",9596121371
IEC-924137,Balaji Traders Pvt Ltd,VJRHI6121P,"Plot 205, Phase 1, Electronic City, Hyderabad, TS",9623593279
IEC-82442,Prime Industries LLP,UODVO3980R,"Plot 288, Hitec City, Bengaluru, KA",9720421518
IEC-352002,Shree Industries LLP,VQISF1602A,"Plot 147, Okhla Ind Estate, Hyderabad, TS",9425546469
IEC-489801,Prime Enterprises Limited,RKDNX1348W,"Plot 348, MIDC, Pune, MH",9665181624
IEC-735610,Shree Corp LLP,FIVDP2766W,"Plot 39, Guindy, Hyderabad, TS",9921577394
IEC-713459,Apex Logistics LLP,XABCC9964A,"Plot 107, Hitec City, Chennai, TN",9815746157
IEC-361871,Stellar Corp LLP,AYVNH6273H,"Plot 984, Okhla Ind Estate, Hyderabad, TS",9351763504
IEC-592901,Stellar Fabrication Limited,UWXZG8131B,"Plot 210, Phase 1, Electronic City, Hyderabad, TS",9742126866
IEC-691667,Prime Technologies Limited,YPULT0467S,"Plot 431, Okhla Ind Estate, Delhi, DL",9575369502
IEC-216343,Dynamic Industries Pvt Ltd,NCHZR5344S,"Gala No. 90, Shady Complex, Delhi, DL",800934779
IEC-490070,Tech Technologies Limited,HPBZP7088K,"Plot 705, Guindy, Ahmedabad, GJ",9929410971
IEC-63891,Dynamic Traders Pvt Ltd,CZCVB3492B,"Plot 597, Hitec City, Delhi, DL",9316964813
IEC-526482,Metro Fabrication Pvt Ltd,YEOXI8241X,"Plot 459, Hitec City, Pune, MH",9323161578
IEC-162017,Shree Traders Limited,KFEBR3313D,"Plot 423, Peenya, Bengaluru, KA",9875512045
IEC-501346,Prime Traders LLP,DBOBR5306E,"Plot 310, Peenya, Delhi, DL",9602171572
IEC-554919,Metro Fabrication Limited,SPNFE1143Y,"Gala No. 16, Shady Complex, Hyderabad, TS",800235888
IEC-486068,Sunrise Ventures LLP,OPVSF6493Q,"Plot 520, Phase 1, Electronic City, Delhi, DL",9660109847
IEC-24942,Global Logistics Limited,XMAEG5021N,"Plot 15, Hitec City, Delhi, DL",9410095865
IEC-236137,Dynamic Enterprises Limited,WIOGY5779Q,"Plot 761, MIDC, Bengaluru, KA",9388316209
IEC-615440,Balaji Ventures LLP,DMYBW9766Y,"Plot 976, GIDC, Hyderabad, TS",9514136959
IEC-236010,Global Logistics Limited,CVCQO6988H,"Plot 419, Guindy, Ahmedabad, GJ",9136662204
IEC-580683,Sunrise Logistics Pvt Ltd,QVMQU1113N,"Plot 338, Hitec City, Bengaluru, KA",9252448429
IEC-482635,Sunrise Solutions Limited,JXWCI2774T,"Plot 338, Phase 1, Electronic City, Hyderabad, TS",9152715791
IEC-46398,Apex Fabrication Pvt Ltd,UVXRE6135K,"Plot 915, Okhla Ind Estate, Pune, MH",9376765118
IEC-350523,Acme Traders Limited,ZUBQE4691X,"Plot 723, Okhla Ind Estate, Hyderabad, TS",9845737253
IEC-260386,Tech Solutions LLP,AKACF3585O,"Plot 660, Okhla Ind Estate, Hyderabad, TS",9260709803
IEC-622895,Acme Traders Limited,PLDXK7448V,"Plot 904, Phase 1, Electronic City, Mumbai, MH",9991466971
IEC-332133,Acme Logistics Limited,MYDSJ6630D,"Plot 436, Hitec City, Chennai, TN",9300237768
IEC-697173,Global Corp Pvt Ltd,ATZZA7970O,"Plot 538, Phase 1, Electronic City, Hyderabad, TS",9287300806
IEC-750890,Pioneer Industries LLP,INDCD0296C,"Plot 116, Guindy, Mumbai, MH",9807157000
IEC-154897,Apex Technologies Pvt Ltd,CVQJH6853K,"Plot 324, Okhla Ind Estate, Delhi, DL",9154074263
IEC-845578,Global Fabrication Pvt Ltd,RPSRQ6862O,"Plot 616, Okhla Ind Estate, Hyderabad, TS",9913866113
IEC-696811,Metro Technologies LLP,NYJCG7658S,"Plot 652, Hitec City, Ahmedabad, GJ",9108951060
IEC-425051,Sunrise Fabrication Limited,GQEDH9805X,"Plot 956, Hitec City, Hyderabad, TS",9504537695
IEC-337376,Stellar Logistics LLP,UZVGB3435S,"Plot 186, Okhla Ind Estate, Chennai, TN",9358242893
IEC-516740,Acme Traders Pvt Ltd,IFASE6640R,"Plot 116, MIDC, Bengaluru, KA",9242942292
IEC-226612,Acme Solutions LLP,GQULH6683K,"Plot 341, Guindy, Mumbai, MH",9587588614
IEC-964216,Sunrise Corp Limited,NHCYH6784D,"Plot 261, MIDC, Chennai, TN",9772958403
IEC-964892,Shree Traders LLP,HCRST5260W,"Plot 363, Guindy, Hyderabad, TS",9568293056
IEC-88473,Shree Solutions Limited,WHFCL7028Z,"Plot 253, GIDC, Pune, MH",9155729551
IEC-506338,Om Enterprises LLP,OUOBD9435M,"Plot 759, Okhla Ind Estate, Bengaluru, KA",9655783508
IEC-307367,Pioneer Enterprises Limited,BHUWS5989G,"Plot 609, Hitec City, Pune, MH",9853828280
IEC-628751,Sunrise Solutions Pvt Ltd,XTRYH3935D,"Plot 535, GIDC, Bengaluru, KA",9357799395
IEC-670022,Global Solutions Limited,YDXUK2749I,"Plot 860, GIDC, Bengaluru, KA",9168761636
IEC-191794,Shree Enterprises Limited,XPSSG7990S,"Plot 767, GIDC, Bengaluru, KA",9655892330
IEC-278199,Tech Enterprises LLP,NPMCN4592K,"Plot 253, Guindy, Chennai, TN",9825395573
IEC-159616,Acme Fabrication Pvt Ltd,BTAZN4822F,"Plot 680, Phase 1, Electronic City, Hyderabad, TS",9954620217
IEC-128395,Sunrise Traders Pvt Ltd,ELIGC0820N,"Plot 902, Hitec City, Delhi, DL",9313043555
IEC-82528,Global Corp Pvt Ltd,ZSNRQ4998M,"Plot 108, MIDC, Pune, MH",9222757985
IEC-941234,Metro Solutions LLP,HLLMO0880K,"Plot 681, Phase 1, Electronic City, Mumbai, MH",9964490029
IEC-896731,Stellar Logistics LLP,FWGRT0321N,"Plot 60, MIDC, Mumbai, MH",9468510469
IEC-236766,Global Solutions Pvt Ltd,YPUZM6110V,"Plot 302, Hitec City, Bengaluru, KA",9118351836
IEC-330060,Pioneer Solutions LLP,LSWOL4086G,"Plot 424, Hitec City, Chennai, TN",9920641548
IEC-959675,Sunrise Solutions Pvt Ltd,AQOOP3988N,"Plot 92, Phase 1, Electronic City, Pune, MH",9614736960
IEC-141016,Dynamic Industries Pvt Ltd,UJWZB0794P,"Plot 127, MIDC, Bengaluru, KA",9675368938
IEC-285183,Acme Ventures Pvt Ltd,RALJG2992K,"Plot 988, MIDC, Ahmedabad, GJ",9244251821
IEC-791226,Global Ventures Pvt Ltd,HKYJG5287D,"Plot 265, Guindy, Bengaluru, KA",9356270019
IEC-107325,Prime Industries Limited,KIMNI3750O,"Plot 784, Peenya, Delhi, DL",9980220183
IEC-915022,Balaji Corp Limited,MPVWA1412F,"Plot 348, Peenya, Mumbai, MH",9600521818
IEC-132861,Tech Technologies Pvt Ltd,NVSOX4431X,"Plot 433, Peenya, Chennai, TN",9112189149
IEC-14067,Acme Industries LLP,KTNRW4895H,"Gala No. 5, Shady Complex, Pune, MH",800207285
IEC-80406,Dynamic Corp LLP,ANQOJ6890E,"Plot 596, Okhla Ind Estate, Ahmedabad, GJ",9471322946
IEC-163467,Apex Solutions Limited,WYMSO2591R,"Plot 97, Peenya, Mumbai, MH",9396802514
IEC-745264,Pioneer Ventures Limited,TDRJI4878K,"Plot 391, Guindy, Mumbai, MH",9415059619
IEC-931044,Prime Traders LLP,QHPCK9235A,"Plot 673, Okhla Ind Estate, Delhi, DL",9864723388
IEC-608093,Balaji Enterprises Limited,XLYFO4907B,"Plot 972, Phase 1, Electronic City, Pune, MH",9137353392
IEC-50260,Sunrise Corp LLP,MJZHX0326P,"Plot 320, MIDC, Mumbai, MH",9306726510
IEC-119876,Shree Traders LLP,EUBLV5656S,"Plot 683, GIDC, Bengaluru, KA",9185647694
IEC-476463,Sunrise Logistics LLP,HKMEE4303H,"Plot 953, Guindy, Hyderabad, TS",9736246900
IEC-219258,Stellar Industries LLP,XTTLA2664U,"Plot 528, Guindy, Chennai, TN",9731669880
IEC-674823,Global Solutions Pvt Ltd,IPUTO8149S,"Plot 775, MIDC, Delhi, DL",9376153574
IEC-281654,Balaji Ventures Pvt Ltd,ZUQQX4216B,"Plot 395, GIDC, Delhi, DL",9947653003
IEC-10081,Stellar Fabrication LLP,BBBCN4668O,"Plot 966, Guindy, Bengaluru, KA",9398936353
IEC-952316,Balaji Fabrication Pvt Ltd,WPRJO7291M,"Plot 249, Okhla Ind Estate, Chennai, TN",9242620584
IEC-904642,Balaji Logistics Pvt Ltd,EDHUL2595N,"Plot 811, MIDC, Hyderabad, TS",9885792621
IEC-667250,Sunrise Traders Limited,BGUFL1379X,"Plot 452, MIDC, Hyderabad, TS",9169397623
IEC-383103,Om Corp LLP,QROMU4818X,"Plot 760, Peenya, Hyderabad, TS",9977625322
IEC-892364,Om Industries Limited,UGINF4508T,"Plot 119, MIDC, Ahmedabad, GJ",9192460602
IEC-225236,Om Enterprises Pvt Ltd,MKEZB9008U,"Plot 124, GIDC, Delhi, DL",9646881021
IEC-652876,Stellar Industries Pvt Ltd,MGMPQ7517I,"Plot 739, Peenya, Pune, MH",9460108562
IEC-708361,Shree Enterprises LLP,MCNHG9547R,"Plot 456, Okhla Ind Estate, Ahmedabad, GJ",9199973798
IEC-585932,Acme Logistics Limited,IOKUP4503S,"Plot 880, GIDC, Ahmedabad, GJ",9726883026
IEC-534342,Balaji Enterprises LLP,LYLZP5300S,"Plot 812, MIDC, Bengaluru, KA",9871821388
IEC-311599,Dynamic Industries Pvt Ltd,NGRWD7700Q,"Plot 95, Guindy, Bengaluru, KA",9781756789
IEC-286740,Sunrise Fabrication Pvt Ltd,VAERL3240T,"Plot 323, Peenya, Chennai, TN",9791549930
IEC-402018,Balaji Corp LLP,MLNSP1408V,"Plot 641, MIDC, Chennai, TN",9172550815
IEC-742117,Prime Fabrication Limited,SSNGU9820R,"Plot 606, Peenya, Bengaluru, KA",9852809494
IEC-547886,Balaji Ventures Pvt Ltd,TAQTH7949T,"Plot 520, Peenya, Ahmedabad, GJ",9834291890
IEC-108346,Global Traders LLP,KTJEY1829C,"Gala No. 52, Shady Complex, Delhi, DL",800916320
IEC-536264,Om Technologies Limited,KFIPH3912S,"Plot 283, GIDC, Ahmedabad, GJ",9731346518
IEC-70162,Acme Traders Pvt Ltd,LQRET4921U,"Plot 971, MIDC, Bengaluru, KA",9122931025
IEC-999877,Acme Technologies Limited,BVYUY0418L,"Plot 365, Peenya, Delhi, DL",9482335071
IEC-199970,Dynamic Solutions Limited,WAFRK6019Q,"Plot 230, GIDC, Ahmedabad, GJ",9275195175
IEC-839097,Sunrise Fabrication Pvt Ltd,GMUZR1937K,"Plot 646, Guindy, Hyderabad, TS",9711227510
IEC-690996,Global Technologies Limited,KBRWB2874Z,"Plot 43, Phase 1, Electronic City, Chennai, TN",9250925116
IEC-310114,Balaji Traders Pvt Ltd,CPNJA7969O,"Plot 710, Peenya, Delhi, DL",9444092397
IEC-474027,Stellar Industries LLP,LRWVY8513I,"Plot 779, Guindy, Delhi, DL",9899193825
IEC-115815,Om Technologies Limited,STJBO0137H,"Plot 850, GIDC, Pune, MH",9779245807
IEC-356769,Apex Enterprises Limited,FPVGA8322G,"Plot 395, Peenya, Ahmedabad, GJ",9253648922
IEC-836049,Pioneer Logistics Limited,FKNXR3246M,"Plot 161, Okhla Ind Estate, Chennai, TN",9932417736
IEC-968989,Acme Corp LLP,QYIZD1741G,"Plot 641, MIDC, Mumbai, MH",9538494300
IEC-699664,Sunrise Corp Pvt Ltd,TXGYQ1831R,"Plot 851, Phase 1, Electronic City, Mumbai, MH",9448513518
IEC-474518,Tech Technologies Limited,SFXZO5427P,"Plot 57, GIDC, Chennai, TN",9282206078
IEC-995203,Apex Traders Limited,PWIDD4170O,"Plot 46, Hitec City, Mumbai, MH",9304929319
IEC-720138,Balaji Ventures LLP,QCMYV5372P,"Plot 56, Guindy, Mumbai, MH",9104872678
IEC-700071,Balaji Enterprises Pvt Ltd,VHYSR6350H,"Plot 284, Hitec City, Pune, MH",9480448687
IEC-702625,Sunrise Corp Limited,OZDYJ4408G,"Plot 703, Hitec City, Hyderabad, TS",9499876682
IEC-180855,Metro Technologies Pvt Ltd,SNTTZ8412Z,"Gala No. 52, Shady Complex, Delhi, DL",800916320
IEC-667974,Tech Technologies Limited,ONQAH7688G,"Plot 303, Okhla Ind Estate, Bengaluru, KA",9297022726
IEC-42196,Balaji Corp Limited,QOLFW1237H,"Plot 408, MIDC, Pune, MH",9746368286
IEC-346883,Om Enterprises Pvt Ltd,LCUHY0112Y,"Plot 853, Phase 1, Electronic City, Ahmedabad, GJ",9839145434
IEC-906958,Balaji Logistics LLP,LCEZT1449L,"Plot 875, Hitec City, Pune, MH",9358930339
IEC-537407,Prime Industries Pvt Ltd,PPCKU6017S,"Plot 209, Guindy, Hyderabad, TS",9441838081
IEC-64394,Prime Ventures Pvt Ltd,YHCTH0856N,"Plot 934, GIDC, Delhi, DL",9840054562
IEC-510421,Om Technologies Pvt Ltd,NEWNW9665A,"Plot 35, Hitec City, Mumbai, MH",9234793487
IEC-786261,Stellar Logistics Pvt Ltd,HUUFZ8855Q,"Plot 39, Hitec City, Mumbai, MH",9332312661
IEC-642314,Tech Fabrication Pvt Ltd,XKSRV2704B,"Plot 52, Guindy, Delhi, DL",9837894394
IEC-988686,Sunrise Enterprises LLP,NCRQU3638T,"Plot 161, Hitec City, Hyderabad, TS",9644099762
IEC-828824,Shree Solutions Pvt Ltd,ADVCR4801Q,"Plot 662, Guindy, Chennai, TN",9728455384
IEC-413781,Shree Traders LLP,FHRCD7556A,"Plot 690, MIDC, Bengaluru, KA",9997133401
IEC-839246,Shree Corp Pvt Ltd,ZLIHP7671W,"Plot 44, Hitec City, Mumbai, MH",9837549508
IEC-59369,Global Technologies Pvt Ltd,WQQEI6168G,"Plot 555, Peenya, Pune, MH",9617910579
IEC-286943,Prime Logistics LLP,JDHBH2533V,"Plot 138, Guindy, Chennai, TN",9941140930
IEC-980257,Sunrise Technologies LLP,AJJWK6497G,"Plot 357, GIDC, Ahmedabad, GJ",9911860746
IEC-558685,Sunrise Logistics Pvt Ltd,EUGIB1077A,"Plot 595, GIDC, Pune, MH",9319831589
IEC-183007,Stellar Industries LLP,CTEBQ2047N,"Plot 445, GIDC, Hyderabad, TS",9179166513
IEC-529868,Metro Solutions Limited,AVTKG1890N,"Plot 250, Phase 1, Electronic City, Hyderabad, TS",9491142529
IEC-309519,Sunrise Traders Limited,DYAQM6580N,"Plot 973, Phase 1, Electronic City, Pune, MH",9913336961
IEC-817615,Balaji Fabrication Pvt Ltd,PYYKH0239P,"Plot 590, Okhla Ind Estate, Bengaluru, KA",9436649075
IEC-747274,Pioneer Traders Pvt Ltd,UWPLH4944Q,"Plot 185, GIDC, Hyderabad, TS",9369392908
IEC-28976,Acme Enterprises Pvt Ltd,SVKSZ3057P,"Plot 70, Hitec City, Chennai, TN",9979872565
IEC-72211,Om Logistics LLP,HHGRU4922K,"Plot 172, Phase 1, Electronic City, Ahmedabad, GJ",9228227797
IEC-88900,Acme Solutions Limited,EDANC4087S,"Plot 408, Okhla Ind Estate, Pune, MH",9424712168
IEC-513222,Apex Enterprises Limited,JNSRG3471Y,"Plot 239, Peenya, Hyderabad, TS",9564114793
IEC-887869,Acme Ventures Pvt Ltd,KHEXB6861Z,"Plot 403, Okhla Ind Estate, Delhi, DL",9993747865
IEC-823158,Om Corp Limited,WNZBX1141J,"Plot 961, Phase 1, Electronic City, Hyderabad, TS",9536567221
IEC-376548,Global Enterprises LLP,SHDRF9665W,"Plot 807, Okhla Ind Estate, Pune, MH",9518520592
IEC-420534,Sunrise Traders LLP,TZCYN1658J,"Plot 620, Hitec City, Delhi, DL",9838638447
IEC-400862,Tech Enterprises LLP,LDTVB2243N,"Plot 971, Hitec City, Bengaluru, KA",9131574684
IEC-952629,Apex Industries Pvt Ltd,EUHPJ4484C,"Plot 159, MIDC, Bengaluru, KA",9264326866
IEC-840501,Pioneer Enterprises LLP,BDSZT7028L,"Plot 412, Phase 1, Electronic City, Ahmedabad, GJ",9625043395
IEC-801803,Balaji Industries Limited,PYRGC5468M,"Plot 949, Peenya, Pune, MH",9319655493
IEC-823631,Sunrise Fabrication Limited,RWPAC6691F,"Plot 584, Peenya, Bengaluru, KA",9708778972
IEC-397471,Shree Technologies Pvt Ltd,IXZTE4002V,"Gala No. 90, Shady Complex, Delhi, DL",800934779
IEC-537618,Apex Fabrication LLP,LMQOA3385X,"Plot 195, MIDC, Hyderabad, TS",9445042185
IEC-846073,Pioneer Industries LLP,JWFVL3234Y,"Plot 903, MIDC, Delhi, DL",9578383978
IEC-619524,Om Technologies Limited,OIZTZ0568T,"Plot 2, GIDC, Mumbai, MH",9821853309
IEC-316163,Om Industries LLP,QHYIS2985B,"Plot 581, Peenya, Ahmedabad, GJ",9993189065
IEC-107107,Om Enterprises Pvt Ltd,SBSPD0947O,"Plot 694, Guindy, Bengaluru, KA",9555232744
IEC-291326,Global Solutions LLP,EXBZM7252N,"Plot 680, Peenya, Hyderabad, TS",9316314736
IEC-104866,Pioneer Fabrication LLP,RROFD2361K,"Plot 318, MIDC, Hyderabad, TS",9391921624
IEC-891521,Pioneer Corp Pvt Ltd,UUUBB3322O,"Plot 747, Peenya, Bengaluru, KA",9496060423
IEC-695869,Acme Corp LLP,QMHEK3189C,"Plot 409, Peenya, Bengaluru, KA",9657461553
IEC-290704,Acme Corp Limited,SSBGL7728E,"Plot 631, Peenya, Bengaluru, KA",9253124838
IEC-762878,Prime Fabrication Pvt Ltd,CYONV2421H,"Plot 334, GIDC, Chennai, TN",9257206117
IEC-461212,Tech Fabrication LLP,CPVRI7135V,"Plot 841, Peenya, Delhi, DL",9572073896
IEC-806630,Acme Ventures Pvt Ltd,SSYLR7257E,"Plot 666, Phase 1, Electronic City, Delhi, DL",9393151038
IEC-516034,Sunrise Logistics Limited,JQXAK3959C,"Plot 271, Peenya, Chennai, TN",9854363971
IEC-887616,Metro Solutions Limited,OMVWK7335O,"Plot 63, Phase 1, Electronic City, Hyderabad, TS",9807175619
IEC-918795,Global Solutions Limited,XRSHK3708I,"Plot 973, GIDC, Bengaluru, KA",9566923153
IEC-540408,Global Solutions Pvt Ltd,YEFKA1302L,"Plot 98, Phase 1, Electronic City, Mumbai, MH",9179050954
IEC-930053,Tech Fabrication Limited,EHDVM5114J,"Plot 23, Guindy, Delhi, DL",9272386332
IEC-845629,Metro Technologies Pvt Ltd,HELTM3002T,"Plot 204, GIDC, Hyderabad, TS",9430023831
IEC-520855,Pioneer Fabrication Limited,ZVDRD4177F,"Plot 703, Hitec City, Bengaluru, KA",9897168772
IEC-899668,Metro Fabrication LLP,FESFJ5862N,"Plot 325, Okhla Ind Estate, Bengaluru, KA",9599437535
IEC-342555,Tech Solutions Pvt Ltd,LEQUN6337L,"Plot 309, MIDC, Delhi, DL",9669104511
IEC-490632,Pioneer Technologies Pvt Ltd,YLBCG0200J,"Plot 239, MIDC, Delhi, DL",9743920870
IEC-760506,Metro Solutions Limited,TUMNM1779Y,"Plot 294, Phase 1, Electronic City, Chennai, TN",9668747067
IEC-361387,Tech Traders Pvt Ltd,OIITD2312E,"Plot 918, Phase 1, Electronic City, Delhi, DL",9749766607
IEC-388283,Pioneer Ventures LLP,DRTDH9405B,"Plot 480, Peenya, Bengaluru, KA",9211666544
IEC-292027,Om Logistics Pvt Ltd,MZRSA4176F,"Plot 107, MIDC, Chennai, TN",9189013794
IEC-86008,Metro Corp Limited,WIADW3061E,"Plot 303, Phase 1, Electronic City, Pune, MH",9934299255
IEC-766693,Balaji Technologies LLP,RZBGV3493P,"Gala No. 74, Shady Complex, Bengaluru, KA",800516826
IEC-630449,Shree Corp Pvt Ltd,XDDWR2303O,"Plot 691, Guindy, Mumbai, MH",9843063058
IEC-382317,Stellar Traders Limited,MCUFL3628O,"Plot 714, MIDC, Mumbai, MH",9326323744
IEC-824856,Acme Logistics Limited,NGPEJ0445X,"Plot 18, Phase 1, Electronic City, Ahmedabad, GJ",9314867076
IEC-849914,Tech Technologies LLP,ZEIAT8870Q,"Plot 431, Hitec City, Delhi, DL",9310281298
IEC-428965,Tech Technologies Limited,QWUWO2402Z,"Plot 282, Phase 1, Electronic City, Mumbai, MH",9126185670
IEC-925463,Shree Technologies LLP,SMFGO3316I,"Plot 616, MIDC, Bengaluru, KA",9685395040
IEC-942787,Balaji Fabrication Limited,ILITX7483S,"Gala No. 74, Shady Complex, Bengaluru, KA",800516826
IEC-102177,Tech Enterprises LLP,VTSYS7628O,"Plot 70, Peenya, Hyderabad, TS",9486951544
IEC-988896,Balaji Enterprises Pvt Ltd,XPOKR8488J,"Plot 919, MIDC, Bengaluru, KA",9603919990
IEC-43173,Acme Fabrication Pvt Ltd,JBOCO9265W,"Plot 479, Guindy, Delhi, DL",9280756596
IEC-104455,Stellar Industries Pvt Ltd,XZQOV0051N,"Plot 962, Peenya, Chennai, TN",9319691467
IEC-669647,Apex Traders Pvt Ltd,PRRXH2201J,"Plot 992, MIDC, Ahmedabad, GJ",9643934019
IEC-734365,Prime Corp LLP,TSDJI8895Y,"Gala No. 61, Shady Complex, Pune, MH",800942817
IEC-925400,Pioneer Traders Pvt Ltd,JGEMH8490P,"Plot 142, Hitec City, Pune, MH",9682239581
IEC-926825,Pioneer Solutions Pvt Ltd,XEBLM1188U,"Plot 801, MIDC, Ahmedabad, GJ",9630021309
IEC-620797,Om Technologies Limited,WVYLM6967M,"Plot 806, Okhla Ind Estate, Hyderabad, TS",9625661267
IEC-481957,Stellar Corp Pvt Ltd,VALUT2433V,"Plot 409, Phase 1, Electronic City, Hyderabad, TS",9970975973
IEC-904268,Prime Enterprises Limited,LZJRQ6388B,"Plot 756, Phase 1, Electronic City, Pune, MH",9699188805
IEC-902020,Sunrise Logistics LLP,RHXCT1474T,"Plot 758, Guindy, Ahmedabad, GJ",9413346124
IEC-407387,Tech Technologies Pvt Ltd,YXQFB2848I,"Plot 713, MIDC, Chennai, TN",9798295736
IEC-848745,Global Ventures Pvt Ltd,DKFLQ5188T,"Plot 723, Peenya, Mumbai, MH",9295429501
IEC-187556,Om Logistics Pvt Ltd,CSRWR6344W,"Plot 784, Peenya, Chennai, TN",9914587500
IEC-360091,Global Ventures Limited,HAVLR1127Q,"Plot 298, Peenya, Hyderabad, TS",9401025246
IEC-787561,Dynamic Logistics Pvt Ltd,RPIBH5305T,"Plot 260, MIDC, Chennai, TN",9240623232
IEC-805947,Metro Traders Pvt Ltd,HBSLI4301I,"Plot 927, Hitec City, Mumbai, MH",9581544726
IEC-247386,Om Industries Pvt Ltd,OJHWP4827F,"Plot 647, Peenya, Ahmedabad, GJ",9939928916
IEC-218432,Acme Traders Limited,OZCZV2367Q,"Plot 413, Phase 1, Electronic City, Chennai, TN",9471725914
IEC-314580,Tech Traders Limited,ERWKZ6654B,"Gala No. 61, Shady Complex, Pune, MH",800942817
IEC-185511,Metro Logistics LLP,OXHFC3589A,"Plot 654, Guindy, Chennai, TN",9476739284
IEC-875910,Stellar Corp LLP,BQMQE5561F,"Plot 213, Peenya, Ahmedabad, GJ",9839792736
IEC-737854,Metro Fabrication LLP,FUFTK0659X,"Plot 899, Hitec City, Mumbai, MH",9490483624
IEC-573423,Sunrise Industries Pvt Ltd,WMOTS4247H,"Plot 57, GIDC, Hyderabad, TS",9629818118
IEC-157695,Tech Enterprises Pvt Ltd,DIATS3516P,"Plot 728, MIDC, Chennai, TN",9886676599
IEC-460761,Acme Fabrication Limited,VHDNN8247B,"Plot 392, Guindy, Mumbai, MH",9440570025
IEC-929479,Om Fabrication Pvt Ltd,XXFRJ7267R,"Plot 113, Okhla Ind Estate, Ahmedabad, GJ",9247043048
IEC-406446,Global Fabrication LLP,FCMKP0586Z,"Plot 484, GIDC, Chennai, TN",9825212990
IEC-189407,Om Corp Pvt Ltd,JXRYO7781H,"Plot 507, Guindy, Hyderabad, TS",9375878015
IEC-700777,Metro Technologies LLP,JCOSE9892L,"Plot 722, Phase 1, Electronic City, Mumbai, MH",9385681644
IEC-669804,Sunrise Corp LLP,EBAKQ4255O,"Plot 630, Okhla Ind Estate, Pune, MH",9187751103
IEC-751001,Apex Traders LLP,HKJBY9401E,"Plot 988, Hitec City, Hyderabad, TS",9440483018
IEC-657298,Sunrise Logistics LLP,ZLIHU7136D,"Plot 553, Okhla Ind Estate, Ahmedabad, GJ",9386051708
IEC-649965,Dynamic Solutions Limited,LZWXF4856N,"Plot 194, GIDC, Delhi, DL",9881315569
IEC-91983,Om Traders Limited,BKOHP4267V,"Plot 77, Okhla Ind Estate, Ahmedabad, GJ",9619639012
IEC-327754,Balaji Enterprises Pvt Ltd,DYJVT1356Z,"Plot 666, MIDC, Delhi, DL",9568137248
IEC-772018,Tech Technologies Limited,QLTZE4318I,"Plot 360, Phase 1, Electronic City, Delhi, DL",9527017329
IEC-943967,Sunrise Solutions LLP,XNEMZ7977H,"Plot 201, MIDC, Pune, MH",9981623566
IEC-909278,Pioneer Corp LLP,LBRIN2816Z,"Plot 886, Phase 1, Electronic City, Bengaluru, KA",9648265030
IEC-185410,Dynamic Logistics LLP,QRNWY5080I,"Gala No. 8, Shady Complex, Bengaluru, KA",800327006
IEC-460303,Pioneer Fabrication LLP,DPDYH7809N,"Plot 526, Guindy, Hyderabad, TS",9717113139
IEC-413533,Acme Technologies Limited,UVAVQ5162V,"Plot 42, Phase 1, Electronic City, Delhi, DL",9792589607
IEC-796477,Om Fabrication LLP,PMLNZ9406H,"Plot 52, Peenya, Ahmedabad, GJ",9248913337
IEC-209849,Sunrise Fabrication Limited,WEJYH6167J,"Plot 163, Hitec City, Mumbai, MH",9848694832
IEC-359894,Prime Traders Pvt Ltd,MIZKW1217I,"Plot 114, Hitec City, Bengaluru, KA",9914559638
IEC-370752,Sunrise Solutions LLP,ROJAN6356P,"Plot 256, Guindy, Hyderabad, TS",9761721105
IEC-531459,Sunrise Ventures Limited,TMEQU0661K,"Plot 462, GIDC, Ahmedabad, GJ",9637991909
IEC-717078,Apex Logistics Pvt Ltd,UGKRD4272R,"Plot 599, Peenya, Delhi, DL",9212299948
IEC-303442,Acme Logistics LLP,MLPRU1458C,"Plot 733, Peenya, Mumbai, MH",9731605432
IEC-459345,Balaji Ventures Pvt Ltd,QEUWT6724Y,"Plot 848, Phase 1, Electronic City, Bengaluru, KA",9155403500
IEC-699433,Metro Technologies Pvt Ltd,PGJHB4597Z,"Gala No. 40, Shady Complex, Hyderabad, TS",800918438
IEC-424247,Apex Ventures LLP,ZUQNI9113F,"Plot 125, Okhla Ind Estate, Ahmedabad, GJ",9100202857
IEC-690722,Apex Technologies Pvt Ltd,RGTYF2377V,"Plot 677, Peenya, Pune, MH",9318274555
IEC-874635,Pioneer Logistics Limited,UIXHF1464U,"Plot 210, MIDC, Chennai, TN",9116717637
IEC-705818,Prime Solutions Limited,CJRZZ4631T,"Plot 917, Hitec City, Mumbai, MH",9494754514
IEC-289968,Prime Technologies Limited,CFIQK1179Q,"Plot 783, Peenya, Chennai, TN",9250797445
IEC-378843,Shree Corp Limited,VADNV9388L,"Gala No. 52, Shady Complex, Delhi, DL",800916320
IEC-530987,Acme Enterprises LLP,FKKHG4672K,"Plot 308, Peenya, Mumbai, MH",9160323597
IEC-757747,Tech Technologies LLP,AKQYQ7883U,"Plot 12, Hitec City, Hyderabad, TS",9644383022
IEC-843685,Acme Technologies LLP,VBNTN9407Z,"Plot 702, Peenya, Pune, MH",9687460378
IEC-441448,Metro Ventures LLP,EGWRR7647L,"Plot 648, Peenya, Chennai, TN",9202530685
IEC-40899,Tech Solutions LLP,GIVBW1204L,"Plot 474, GIDC, Hyderabad, TS",9353819974
IEC-448464,Stellar Ventures Pvt Ltd,XRRHZ9046V,"Plot 520, Hitec City, Delhi, DL",9466398305
IEC-984841,Pioneer Corp Pvt Ltd,REVTM5122Q,"Plot 719, Peenya, Hyderabad, TS",9586880792
IEC-311745,Stellar Logistics LLP,BNMKL0261Q,"Plot 343, Hitec City, Bengaluru, KA",9647362371
IEC-439985,Pioneer Ventures LLP,CQUAG4759X,"Plot 215, MIDC, Mumbai, MH",9534412812
IEC-403378,Om Industries Limited,IUOMK8463Q,"Plot 157, Peenya, Mumbai, MH",9321144767
IEC-82510,Dynamic Industries Pvt Ltd,VQNIH4064N,"Plot 510, Hitec City, Ahmedabad, GJ",9154737408
IEC-301149,Metro Logistics Limited,KFFFF7417X,"Plot 189, Okhla Ind Estate, Mumbai, MH",9497402592
IEC-384985,Shree Ventures Limited,KDRON9487W,"Plot 961, Hitec City, Pune, MH",9282244343
IEC-238377,Stellar Ventures LLP,MAKCF2227X,"Plot 14, GIDC, Bengaluru, KA",9880274534
IEC-603607,Stellar Enterprises Limited,HDSEA1471V,"Plot 278, Okhla Ind Estate, Pune, MH",9853742013
IEC-482017,Tech Enterprises Pvt Ltd,SACQE4859Q,"Plot 251, Guindy, Mumbai, MH",9431344994
IEC-896784,Shree Traders Limited,TZDWW1489L,"Plot 900, Peenya, Ahmedabad, GJ",9528459599
IEC-328238,Metro Industries Limited,WMHYH5543S,"Plot 272, Peenya, Pune, MH",9457690799
IEC-561153,Om Ventures Pvt Ltd,KXKUU9162N,"Plot 202, Peenya, Hyderabad, TS",9219473478
IEC-128340,Sunrise Traders Limited,WTDSO3121D,"Plot 37, Okhla Ind Estate, Mumbai, MH",9120949635
IEC-551705,Sunrise Technologies Limited,FMONA5955J,"Gala No. 40, Shady Complex, Hyderabad, TS",800918438
IEC-643916,Apex Enterprises Pvt Ltd,BSARY0347G,"Plot 826, Phase 1, Electronic City, Delhi, DL",9764536485
IEC-564459,Sunrise Enterprises Pvt Ltd,WBHUY0590G,"Plot 21, Hitec City, Delhi, DL",9362958264
IEC-224873,Metro Logistics LLP,GKOBL9324X,"Plot 764, GIDC, Chennai, TN",9906513960
IEC-702569,Prime Traders Pvt Ltd,CCVEX5280W,"Plot 909, Peenya, Mumbai, MH",9604996622
IEC-410227,Dynamic Traders Pvt Ltd,SAEXI2753J,"Plot 720, MIDC, Pune, MH",9543688484
IEC-756946,Shree Enterprises Pvt Ltd,RQZFB9112Q,"Plot 88, Guindy, Bengaluru, KA",9893545721
IEC-680477,Metro Industries Limited,OZKVQ0345I,"Plot 209, MIDC, Mumbai, MH",9938829588
IEC-308903,Sunrise Enterprises LLP,ZSVPQ7452M,"Plot 434, Peenya, Mumbai, MH",9465419549
IEC-642693,Shree Industries Pvt Ltd,TIPLC1192L,"Plot 605, Peenya, Hyderabad, TS",9141195069
IEC-912234,Metro Logistics Pvt Ltd,BHHOE4036L,"Plot 609, Okhla Ind Estate, Mumbai, MH",9607487309
IEC-108445,Dynamic Corp LLP,XMUZX9348A,"Plot 574, Peenya, Ahmedabad, GJ",9319247853
IEC-62273,Apex Corp LLP,ULDOU3083Y,"Plot 136, MIDC, Pune, MH",9525878703
IEC-409849,Pioneer Ventures Limited,ZETOC4925Z,"Plot 365, Hitec City, Mumbai, MH",9522989330
IEC-863087,Metro Fabrication Pvt Ltd,DVIQS7191E,"Plot 137, MIDC, Hyderabad, TS",9638433729
IEC-641391,Acme Solutions Limited,BEVUH3454L,"Plot 263, Guindy, Bengaluru, KA",9723474615
IEC-452281,Tech Industries LLP,EJYWS8945A,"Plot 637, Okhla Ind Estate, Ahmedabad, GJ",9971183989
IEC-730486,Shree Enterprises Pvt Ltd,UJZCP5609I,"Plot 926, Hitec City, Bengaluru, KA",9156764139
IEC-776482,Apex Fabrication LLP,PDOMK3505H,"Plot 431, Hitec City, Delhi, DL",9726243902
IEC-189512,Sunrise Ventures Pvt Ltd,KHXOI4805S,"Plot 249, Guindy, Mumbai, MH",9422377522
IEC-983515,Om Corp Pvt Ltd,LCUQC9750T,"Plot 586, GIDC, Mumbai, MH",9471409653
IEC-772587,Balaji Industries Pvt Ltd,YJPDW5906T,"Plot 803, MIDC, Ahmedabad, GJ",9791852571
IEC-696633,Stellar Enterprises LLP,HMGTI4032S,"Plot 493, GIDC, Chennai, TN",9997282935
IEC-182153,Shree Enterprises Pvt Ltd,LLYWI5442R,"Plot 912, Peenya, Chennai, TN",9294539688
IEC-691814,Prime Solutions LLP,DWKTT0944Z,"Plot 821, Phase 1, Electronic City, Mumbai, MH",9528825460
IEC-155121,Dynamic Corp Limited,UZISA1250B,"Plot 839, Peenya, Chennai, TN",9909684337
IEC-245036,Pioneer Traders LLP,RARFU0328Y,"Plot 37, Guindy, Pune, MH",9344714805
IEC-132149,Acme Ventures Limited,ZHPMA9789M,"Plot 702, GIDC, Delhi, DL",9211686364
IEC-530291,Pioneer Logistics LLP,ALPGO0532H,"Plot 581, Hitec City, Ahmedabad, GJ",9559385616
IEC-36260,Acme Corp Pvt Ltd,FAFXU9554C,"Gala No. 48, Shady Complex, Hyderabad, TS",800803353
IEC-40899,Shree Traders Pvt Ltd,ZWOIP4140S,"Plot 19, Guindy, Hyderabad, TS",9239306788
IEC-505852,Apex Corp LLP,PCJRH7510X,"Plot 882, MIDC, Delhi, DL",9207856320
IEC-544591,Acme Solutions Pvt Ltd,LXGVL9008G,"Plot 603, MIDC, Pune, MH",9286185348
IEC-440865,Apex Industries Limited,EVSEE9715A,"Gala No. 32, Shady Complex, Ahmedabad, GJ",800962410
IEC-355278,Acme Ventures LLP,UVHGN9336S,"Plot 55, Peenya, Pune, MH",9702317759
IEC-365891,Prime Corp Pvt Ltd,ISEHU6169Q,"Plot 608, Hitec City, Mumbai, MH",9419198628
IEC-708495,Apex Solutions LLP,DNBZA1351A,"Plot 758, Okhla Ind Estate, Pune, MH",9543345325
IEC-785536,Sunrise Traders LLP,HCMWM1981M,"Plot 188, Okhla Ind Estate, Mumbai, MH",9465363782
IEC-212164,Prime Ventures Limited,ZBCNY9652N,"Plot 569, Guindy, Pune, MH",9997848519
IEC-637767,Metro Solutions Pvt Ltd,RKKBH5222Z,"Gala No. 65, Shady Complex, Ahmedabad, GJ",800868010
IEC-830906,Apex Enterprises Limited,QTDXQ0115I,"Plot 804, Guindy, Pune, MH",9991476141
IEC-593819,Tech Solutions LLP,CMCCY0213B,"Plot 81, Okhla Ind Estate, Bengaluru, KA",9614961708
IEC-694240,Balaji Solutions Limited,BGPRD8957B,"Plot 335, Peenya, Mumbai, MH",9781833697
IEC-295497,Dynamic Corp Pvt Ltd,UEMVR3011J,"Plot 530, Okhla Ind Estate, Mumbai, MH",9284965961
IEC-745256,Tech Technologies Limited,QUNIC3688V,"Plot 591, Phase 1, Electronic City, Ahmedabad, GJ",9510099700
IEC-131830,Global Corp Pvt Ltd,FQEOQ4800T,"Plot 739, Peenya, Pune, MH",9433923070
IEC-712693,Stellar Technologies Limited,CKBCI5815A,"Plot 907, Okhla Ind Estate, Ahmedabad, GJ",9248900423
IEC-227888,Om Solutions Limited,BVOZU7928G,"Plot 141, Peenya, Pune, MH",9946896502
IEC-774591,Shree Corp Pvt Ltd,HIEDB6161L,"Plot 433, Phase 1, Electronic City, Pune, MH",9678524233
IEC-447359,Prime Corp Limited,GIJDK9642T,"Plot 436, Guindy, Hyderabad, TS",9909730784
IEC-644468,Balaji Logistics Limited,LGXPW8292X,"Gala No. 32, Shady Complex, Ahmedabad, GJ",800962410
IEC-275734,Sunrise Industries Limited,DIVWO2963R,"Plot 133, Peenya, Pune, MH",9967627549
IEC-433378,Prime Ventures LLP,MILEF3672A,"Plot 41, Okhla Ind Estate, Chennai, TN",9552140347
IEC-553817,Om Traders Limited,EUPJJ4388X,"Plot 790, Hitec City, Mumbai, MH",9883109126
IEC-631444,Pioneer Fabrication LLP,WELOZ9416X,"Plot 816, Okhla Ind Estate, Bengaluru, KA",9290550321
IEC-21189,Tech Logistics Limited,VJQGV2010W,"Plot 935, Guindy, Bengaluru, KA",9658557546
IEC-599399,Acme Logistics LLP,ZOHZZ8488R,"Plot 839, Phase 1, Electronic City, Mumbai, MH",9937950606
IEC-993548,Prime Logistics LLP,HEVMW2584F,"Plot 970, Okhla Ind Estate, Delhi, DL",9156879269
IEC-84198,Om Industries Limited,EDLHJ1680V,"Plot 872, Okhla Ind Estate, Ahmedabad, GJ",9397792009
IEC-369411,Balaji Traders Limited,XLXAA4832M,"Plot 450, Guindy, Hyderabad, TS",9433364349
IEC-394310,Prime Traders LLP,KYMXB7075X,"Plot 953, Peenya, Delhi, DL",9588630759
IEC-957502,Balaji Logistics Limited,VVCYY0406C,"Plot 197, Hitec City, Mumbai, MH",9214190149
IEC-221112,Prime Technologies Limited,YYPWP6022M,"Plot 976, Guindy, Ahmedabad, GJ",9729624127
IEC-550506,Pioneer Corp Limited,WSSXL5770T,"Plot 406, MIDC, Hyderabad, TS",9697749314
IEC-899982,Acme Enterprises LLP,AXOYC6327J,"Plot 927, Peenya, Delhi, DL",9849439280
IEC-12154,Prime Traders LLP,GCLFL8913C,"Plot 187, Guindy, Pune, MH",9306335762
IEC-417070,Sunrise Logistics Limited,DRLCE7761K,"Plot 816, MIDC, Ahmedabad, GJ",9642718711
IEC-363980,Shree Technologies Limited,MVMWK6111W,"Plot 344, Okhla Ind Estate, Mumbai, MH",9382007978
IEC-723774,Shree Solutions Limited,XVMQS1484F,"Plot 842, Guindy, Pune, MH",9157254492
IEC-630700,Stellar Fabrication Pvt Ltd,WNEHV4381J,"Plot 119, MIDC, Pune, MH",9801248125
IEC-203433,Pioneer Traders Limited,BEPTP5151M,"Plot 106, MIDC, Delhi, DL",9833451857
IEC-57912,Om Solutions Pvt Ltd,NZMBA1402P,"Plot 480, GIDC, Ahmedabad, GJ",9452039750
IEC-784557,Metro Logistics LLP,MGVXE9304Z,"Plot 242, MIDC, Pune, MH",9827959472
IEC-22559,Dynamic Corp Limited,BOWRJ5720E,"Plot 673, GIDC, Mumbai, MH",9903172192
IEC-31926,Apex Industries Limited,HWZTH6602C,"Plot 454, Guindy, Ahmedabad, GJ",9414055577
IEC-723033,Sunrise Traders Pvt Ltd,VUGWF1105W,"Plot 340, Okhla Ind Estate, Hyderabad, TS",9959468644
IEC-80204,Apex Fabrication LLP,PQOXH1065B,"Plot 931, Peenya, Hyderabad, TS",9217364355
IEC-381177,Balaji Solutions LLP,JKYMW4097K,"Plot 299, Phase 1, Electronic City, Hyderabad, TS",9154448914
IEC-177060,Dynamic Technologies Pvt Ltd,YMICV0839H,"Plot 82, Phase 1, Electronic City, Bengaluru, KA",9952569917
IEC-865221,Dynamic Industries Pvt Ltd,NFLPZ5852G,"Plot 738, Hitec City, Chennai, TN",9989895525
IEC-721452,Apex Fabrication Pvt Ltd,HGCZB7470P,"Plot 94, Guindy, Delhi, DL",9859647811
IEC-820192,Om Technologies LLP,HXOQS5280I,"Plot 841, MIDC, Hyderabad, TS",9894565279
IEC-457530,Stellar Traders LLP,POFTQ2507D,"Gala No. 48, Shady Complex, Hyderabad, TS",800803353
IEC-574313,Acme Technologies Pvt Ltd,QKQVN1171E,"Plot 327, Peenya, Delhi, DL",9764807878
IEC-592760,Stellar Logistics Limited,ZPQZC9897M,"Plot 498, Phase 1, Electronic City, Bengaluru, KA",9770334406
IEC-695402,Global Corp Pvt Ltd,VXEUV9017L,"Plot 591, Guindy, Delhi, DL",9370360504
IEC-268825,Sunrise Ventures LLP,FKOYA1909M,"Plot 596, Peenya, Hyderabad, TS",9232959822
IEC-670158,Pioneer Logistics Limited,KOZBC7395F,"Plot 643, Okhla Ind Estate, Chennai, TN",9581695926
IEC-268561,Stellar Fabrication LLP,SPFGD2899P,"Plot 19, Phase 1, Electronic City, Delhi, DL",9374362115
IEC-684913,Om Technologies LLP,KXGGG7907B,"Plot 439, MIDC, Chennai, TN",9458649787
IEC-886733,Acme Fabrication Limited,PLRYC8892V,"Plot 845, Peenya, Pune, MH",9890168795
IEC-195585,Acme Enterprises Pvt Ltd,OWNQL4444X,"Plot 241, Peenya, Ahmedabad, GJ",9671089018
IEC-880266,Pioneer Ventures Limited,QIIIK8294O,"Plot 251, MIDC, Pune, MH",9901633398
IEC-647585,Pioneer Industries Pvt Ltd,LKFUS0961H,"Plot 458, Okhla Ind Estate, Mumbai, MH",9409466586
IEC-790875,Om Corp Pvt Ltd,DKBQB1749W,"Plot 534, GIDC, Chennai, TN",9699681228
IEC-709572,Apex Traders LLP,MLFHP0468G,"Plot 744, MIDC, Mumbai, MH",9908805345
IEC-725500,Sunrise Fabrication Pvt Ltd,IUKRE2642X,"Plot 720, Phase 1, Electronic City, Ahmedabad, GJ",9239936070
IEC-483216,Prime Solutions LLP,XUTEH1264G,"Gala No. 100, Shady Complex, Ahmedabad, GJ",800116478
IEC-34935,Pioneer Traders Pvt Ltd,DYESC3847W,"Plot 957, Hitec City, Hyderabad, TS",9428616038
IEC-93748,Tech Solutions Limited,RVYUI5108G,"Gala No. 16, Shady Complex, Hyderabad, TS",800235888
IEC-713534,Tech Industries LLP,LTMCH7216S,"Plot 814, MIDC, Mumbai, MH",9703336566
IEC-42230,Global Fabrication LLP,CIXLI1812E,"Plot 502, Guindy, Ahmedabad, GJ",9248423650
IEC-221513,Om Solutions LLP,RHMTF9215A,"Plot 253, Phase 1, Electronic City, Chennai, TN",9339968557
IEC-371853,Pioneer Corp Pvt Ltd,MXSAG3155M,"Plot 839, Okhla Ind Estate, Hyderabad, TS",9106051536
IEC-901985,Pioneer Logistics Pvt Ltd,LGGDZ5486R,"Plot 861, GIDC, Mumbai, MH",9900942787
IEC-214073,Global Industries LLP,CWIPG5542K,"Plot 292, Guindy, Mumbai, MH",9672327626
IEC-377965,Apex Traders Limited,UXFTG6128G,"Gala No. 71, Shady Complex, Mumbai, MH",800782177
IEC-830162,Pioneer Industries Limited,ADMUV7213Q,"Plot 481, Phase 1, Electronic City, Pune, MH",9125540162
IEC-350093,Tech Enterprises LLP,VEVTV0258R,"Plot 11, MIDC, Chennai, TN",9433718760
IEC-897316,Prime Solutions Limited,YOFID1454Y,"Plot 952, Peenya, Pune, MH",9729374772
IEC-856310,Metro Enterprises Pvt Ltd,JMHRV7621O,"Plot 959, MIDC, Ahmedabad, GJ",9313869011
IEC-906814,Global Logistics LLP,KSRQR4063I,"Plot 176, GIDC, Hyderabad, TS",9552610956
IEC-639086,Shree Enterprises Pvt Ltd,JVPIH5146T,"Plot 23, Phase 1, Electronic City, Pune, MH",9882980453
IEC-837398,Prime Industries Pvt Ltd,FSRYX5584R,"Plot 716, Okhla Ind Estate, Pune, MH",9116504237
IEC-249781,Apex Corp Limited,HPGOD8097A,"Plot 752, Okhla Ind Estate, Chennai, TN",9121876997
IEC-982908,Stellar Technologies Limited,NHCAU9569M,"Plot 702, Guindy, Bengaluru, KA",9299069388
IEC-464031,Metro Industries LLP,RBBNM6697E,"Plot 369, Guindy, Hyderabad, TS",9530003678
IEC-764461,Stellar Industries Pvt Ltd,ETNQQ3008G,"Plot 646, Okhla Ind Estate, Hyderabad, TS",9568893646
IEC-119106,Shree Fabrication Limited,FQOUA4461G,"Plot 76, GIDC, Bengaluru, KA",9368580198
IEC-328857,Prime Ventures Pvt Ltd,OPYRC6385V,"Plot 798, Okhla Ind Estate, Ahmedabad, GJ",9547656464
IEC-808513,Tech Industries Limited,FWNVZ3863F,"Plot 869, Guindy, Delhi, DL",9138483513
IEC-572910,Pioneer Logistics Pvt Ltd,DGPQE5819K,"Plot 901, Phase 1, Electronic City, Ahmedabad, GJ",9243590479
IEC-811942,Acme Fabrication LLP,ECGJK1714D,"Plot 41, Okhla Ind Estate, Pune, MH",9824907812
IEC-286262,Om Fabrication Limited,RBJKZ2747X,"Plot 667, Okhla Ind Estate, Chennai, TN",9972790813
IEC-291145,Shree Traders Limited,XGVCZ1081Q,"Gala No. 74, Shady Complex, Bengaluru, KA",800516826
IEC-531392,Tech Enterprises Pvt Ltd,UEHDZ8833L,"Plot 753, Guindy, Pune, MH",9627495222
IEC-39418,Shree Ventures Limited,RTGFM5209D,"Plot 888, MIDC, Delhi, DL",9226778347
IEC-471984,Shree Ventures LLP,MMXWG4860U,"Plot 133, GIDC, Ahmedabad, GJ",9189227196
IEC-79302,Sunrise Solutions Limited,SLBVA4253W,"Plot 101, Okhla Ind Estate, Pune, MH",9378968676
IEC-546069,Sunrise Solutions LLP,FTCMB6236X,"Plot 58, Okhla Ind Estate, Pune, MH",9766236075
IEC-783568,Sunrise Ventures Pvt Ltd,KDZGH8206Z,"Plot 418, GIDC, Chennai, TN",9450433381
IEC-158352,Shree Fabrication Pvt Ltd,XEKHR0288C,"Plot 261, Hitec City, Delhi, DL",9428975846
IEC-104587,Om Industries Limited,RLHQY3326F,"Plot 872, Guindy, Pune, MH",9245988588
IEC-734480,Metro Industries Limited,UHFTD0202G,"Gala No. 65, Shady Complex, Ahmedabad, GJ",800868010
IEC-117151,Pioneer Corp LLP,UWIHN1519W,"Plot 266, Guindy, Bengaluru, KA",9393486199
IEC-209958,Tech Solutions Pvt Ltd,JZNGL9071N,"Plot 203, GIDC, Ahmedabad, GJ",9817995032
IEC-890212,Sunrise Industries Pvt Ltd,RJRAI3161F,"Plot 61, GIDC, Mumbai, MH",9182444528
IEC-875504,Shree Ventures Pvt Ltd,ECCUN2048K,"Plot 541, MIDC, Mumbai, MH",9115320167
IEC-830917,Acme Logistics Pvt Ltd,EQMRU6907N,"Plot 975, GIDC, Bengaluru, KA",9481223536
IEC-782630,Dynamic Traders Pvt Ltd,JSQXZ8352N,"Plot 922, Guindy, Mumbai, MH",9884885778
IEC-611183,Acme Enterprises Pvt Ltd,CTPIY4292R,"Plot 320, Guindy, Delhi, DL",9802837965
IEC-99954,Global Corp Limited,LBMYK9710E,"Plot 887, Phase 1, Electronic City, Ahmedabad, GJ",9312434914
IEC-218883,Pioneer Ventures Limited,OACKF4197I,"Plot 713, Okhla Ind Estate, Hyderabad, TS",9342941149
IEC-549622,Metro Solutions Limited,CCOEI3554P,"Plot 989, Peenya, Bengaluru, KA",9266964041
IEC-248034,Apex Enterprises LLP,XRIXZ9073H,"Plot 152, MIDC, Chennai, TN",9432893857
IEC-23696,Global Corp Limited,IKSOQ8784N,"Plot 247, GIDC, Chennai, TN",9883843826
IEC-659085,Global Traders Pvt Ltd,OAFZB4079D,"Plot 954, Hitec City, Delhi, DL",9989765387
IEC-219859,Dynamic Ventures Limited,GEBMD3342G,"Plot 201, Okhla Ind Estate, Hyderabad, TS",9390854971
IEC-687944,Balaji Technologies Pvt Ltd,GXOBS6301C,"Plot 763, Peenya, Ahmedabad, GJ",9244258166
IEC-43116,Om Technologies Pvt Ltd,ADJBI1159J,"Plot 487, MIDC, Chennai, TN",9618611569
IEC-977209,Metro Corp Limited,BMGTN3413A,"Plot 659, Phase 1, Electronic City, Ahmedabad, GJ",9241061223
